econ_lane,matched_terms,econ_score,article_key,title,source,published_at,uid,first_seen_digest,last_seen_digest,observation_count,first_feed_topic,first_window_type,first_source_file
inflation,inflacion,5,content:189359793ae41660c3330b325fa40029d4bfbfa7,"Se aceleró la inflación en Argentina durante julio, impulsada por factores estacionales",El Comentario,2026-08-14 01:30:00+00:00,,2026-08-14 04:00:00+00:00,2026-08-14 04:00:00+00:00,1,All Topics,4h,data/output_digests/headlines_4h_window_20260814T04_All_Topics_07.md
inflation,inflacion,5,content:57ed97e19c65940e7e63cc8fcc3ae36f13913bd0,Argentina: inflación volvió a acelerar en julio pese a promesa «cero» de Milei,teleSUR,2026-08-14 01:22:00+00:00,,2026-08-14 04:00:00+00:00,2026-08-14 04:00:00+00:00,1,All Topics,4h,data/output_digests/headlines_4h_window_20260814T04_All_Topics_07.md
fx,dolar,2,content:1096797a9e04b719440d84e47d5a14d776b81c6d,"Dólar hoy: subieron el mayorista y el blue, mientras que el minorista se mantuvo estable",TN24.com.ar,2026-08-14 00:23:00+00:00,,2026-08-14 04:00:00+00:00,2026-08-14 04:00:00+00:00,1,All Topics,4h,data/output_digests/headlines_4h_window_20260814T04_All_Topics_07.md
rates,tasas de interes,5,content:38633f907021eb332ce6b9c5a82cbaf7a2bc1b02,"""Son abusivas"": Luis Caputo habló sobre las tasas de interés que cobran las billeteras virtuales para solicitar préstamos",Diario Río Negro,2026-08-14 00:19:00+00:00,,2026-08-14 04:00:00+00:00,2026-08-14 04:00:00+00:00,1,All Topics,4h,data/output_digests/headlines_4h_window_20260814T04_All_Topics_07.md
fx,dolar,2,content:feea8a23503575f88b3ab168d55bf152cbaa13c8,"FIX prevé dos escenarios para la economía: dólar más alto, consumo débil y tensión electoral",Identidad Correntina,2026-08-14 00:04:00+00:00,,2026-08-14 04:00:00+00:00,2026-08-14 04:00:00+00:00,1,All Topics,4h,data/output_digests/headlines_4h_window_20260814T04_All_Topics_07.md
inflation,ipc,5,content:be8f7ac805728e266c9f8d23a22b465311072d37,"Índice inflacionario de julio: el INDEC comunicó un 2,1% y el IPC creció un 0,2% comparado con junio",Net tv | Aire Fresco,2026-08-13 23:41:00+00:00,,2026-08-14 04:00:00+00:00,2026-08-14 04:00:00+00:00,1,All Topics,4h,data/output_digests/headlines_4h_window_20260814T04_All_Topics_06.md
reserves,bcra | reservas,5,content:1ad47d2939b10712dfa72b4b23999a7c54717dcc,"Las compras del BCRA superaron los u$s200 millones en agosto, pero la caída del oro presionó a las reservas",Ambito,2026-08-13 23:28:00+00:00,,2026-08-14 04:00:00+00:00,2026-08-14 04:00:00+00:00,1,All Topics,4h,data/output_digests/headlines_4h_window_20260814T04_All_Topics_06.md
reserves,banco central,5,content:4cc5c94eeaf91f00afe929da5408fa90493f9a8d,"Banco Central peruano mantiene estable su tasa clave en 4,25% por duodécimo mes consecutivo",TradingView,2026-08-13 23:26:00+00:00,,2026-08-14 04:00:00+00:00,2026-08-14 04:00:00+00:00,1,All Topics,4h,data/output_digests/headlines_4h_window_20260814T04_All_Topics_06.md
fx,dolar,2,content:8d166c89e473004d7ec928e71135a4cfdd83f451,El dólar blue anotó su tercera suba de la semana y volvió a acercarse a los $1.550,Diario Neuquino,2026-08-13 23:00:00+00:00,,2026-08-14 04:00:00+00:00,2026-08-14 04:00:00+00:00,1,All Topics,4h,data/output_digests/headlines_4h_window_20260814T04_All_Topics_05.md
inflation,inflacion,5,content:8681544f258aab8fa382e044fe2531ce48cca174,"En Argentina la inflación de julio fue de 2,1%: Indec",Finanzas Digital,2026-08-13 22:43:00+00:00,,2026-08-14 04:00:00+00:00,2026-08-14 04:00:00+00:00,1,All Topics,4h,data/output_digests/headlines_4h_window_20260814T04_All_Topics_05.md
reserves,bcra,5,content:698140beece8dbd32a6fa7133da9efb376f7a644,Créditos en dólares: el BCRA definió las pautas para que los bancos puedan prestarle a más empresas,Infobae,2026-08-13 22:07:00+00:00,,2026-08-14 04:00:00+00:00,2026-08-14 04:00:00+00:00,1,All Topics,4h,data/output_digests/headlines_4h_window_20260814T04_All_Topics_04.md
inflation,inflacion,5,content:e2c4710859cdcbed7dcb63ba0f635e17b30ce7f1,"Inflación argentina repunta en julio y enciende alertas sobre la economía, ¿por qué aumentó?",debate.com.mx,2026-08-13 21:55:00+00:00,,2026-08-14 04:00:00+00:00,2026-08-14 04:00:00+00:00,1,All Topics,4h,data/output_digests/headlines_4h_window_20260814T04_All_Topics_04.md
fx,dolar,2,content:bfc517604f7465141bf8aae28c13190a95c764fd,El dólar pegó otro salto,Página|12,2026-08-13 21:54:00+00:00,,2026-08-14 04:00:00+00:00,2026-08-14 04:00:00+00:00,1,All Topics,4h,data/output_digests/headlines_4h_window_20260814T04_All_Topics_04.md
fx,dolar,2,content:545f7073f1df891740d5f39e58d905962c49aa75,"El dólar mayorista subió por segunda rueda al hilo, pero la brecha se ubicó en máximos de dos meses",Ambito,2026-08-13 21:39:00+00:00,,2026-08-14 04:00:00+00:00,2026-08-14 04:00:00+00:00,1,All Topics,4h,data/output_digests/headlines_4h_window_20260814T04_All_Topics_04.md
reserves,bcra,5,content:94335ee63bcb2b576fdf60a171dbe1c60cc9e70e,Créditos en dólares: Caputo anunció un importante cambio para las empresas y el BCRA prepara nuevas reglas,Radio del Plata,2026-08-13 21:32:00+00:00,,2026-08-14 04:00:00+00:00,2026-08-14 04:00:00+00:00,1,All Topics,4h,data/output_digests/headlines_4h_window_20260814T04_All_Topics_04.md
fx,dolar,2,content:78aa3d73a0e6169faf20f84a931ba1b041de65d3,El dólar blue en San Juan operó en calma y se mantuvo a $1.470 para la venta,0264Noticias,2026-08-13 21:23:00+00:00,,2026-08-14 04:00:00+00:00,2026-08-14 04:00:00+00:00,1,All Topics,4h,data/output_digests/headlines_4h_window_20260814T04_All_Topics_04.md
fx,dolar,2,content:2f9a6e52268bd30b2f989bdcd743b53b8827e64d,Dólar blue sube por tercera vez en la semana y se acerca a los $1.550,Rosario Finanzas,2026-08-13 21:21:00+00:00,,2026-08-14 04:00:00+00:00,2026-08-14 04:00:00+00:00,1,All Topics,4h,data/output_digests/headlines_4h_window_20260814T04_All_Topics_04.md
inflation,inflacion,5,content:a0f0eddc93ac066ba74c20a3107107a2955a464d,La inflación en Argentina se acelera en julio por las vacaciones de invierno,BioBioChile,2026-08-13 21:06:00+00:00,,2026-08-14 04:00:00+00:00,2026-08-14 04:00:00+00:00,1,All Topics,4h,data/output_digests/headlines_4h_window_20260814T04_All_Topics_03.md
fx,dolar,2,content:406ad9b83c52824817bcf372e64b84f2940b8b7f,El dólar mayorista roza los $1.500 y marca el pulso cambiario - Diario El Norte,Diario El Norte - San Nicolás,2026-08-13 21:06:00+00:00,,2026-08-14 04:00:00+00:00,2026-08-14 04:00:00+00:00,1,All Topics,4h,data/output_digests/headlines_4h_window_20260814T04_All_Topics_03.md
rates,dolar | plazo fijo,4,content:002ca6ebecb3e26ecaa65f439631eef6449b8ba5,Llenar el freezer como inversión: la carne le gana al dólar y al plazo fijo en el año,iProfesional,2026-08-13 21:00:00+00:00,,2026-08-14 04:00:00+00:00,2026-08-14 04:00:00+00:00,1,All Topics,4h,data/output_digests/headlines_4h_window_20260814T04_All_Topics_03.md
reserves,bcra | dolar,7,content:fce7c7b843594e6e8033757e390dca15adaf3a5b,El dólar mayorista rozó los $1.500 y el mercado sigue de cerca la intervención del BCRA,El Esquiu,2026-08-13 20:50:00+00:00,,2026-08-14 04:00:00+00:00,2026-08-14 04:00:00+00:00,1,All Topics,4h,data/output_digests/headlines_4h_window_20260814T04_All_Topics_03.md
inflation,inflacion,5,content:242a90891a8be5cfec0edac5a5a0061d42a18f49,Milei no logra consolidar su proceso de reducción de la inflación en Argentina,EL PAÍS,2026-08-13 20:42:00+00:00,,2026-08-14 04:00:00+00:00,2026-08-14 04:00:00+00:00,1,All Topics,4h,data/output_digests/headlines_4h_window_20260814T04_All_Topics_02.md
inflation,inflacion,5,content:936e504fbd824aab6b290e080390af1c21fd30a5,Inflación de Argentina se aceleró levemente durante julio,El Economista,2026-08-13 20:40:00+00:00,,2026-08-14 04:00:00+00:00,2026-08-14 04:00:00+00:00,1,All Topics,4h,data/output_digests/headlines_4h_window_20260814T04_All_Topics_02.md
inflation,precios minoristas,5,content:703dbc0639f0a99db7e96fa648b1abd5517a2950,"Precios minoristas de Argentina +2,1% en julio: INDEC",TradingView,2026-08-13 20:22:00+00:00,,2026-08-14 04:00:00+00:00,2026-08-14 04:00:00+00:00,1,All Topics,4h,data/output_digests/headlines_4h_window_20260814T04_All_Topics_01.md
inflation,inflacion,5,content:5c36e69815265239ddcb7b6b506b32d4f7666f85,La inflación de julio detiene la tendencia a la baja de precios en Argentina,Cadena 3 Argentina,2026-08-13 20:12:00+00:00,,2026-08-14 04:00:00+00:00,2026-08-14 04:00:00+00:00,1,All Topics,4h,data/output_digests/headlines_4h_window_20260814T04_All_Topics_01.md
fx,dolar,2,content:fba7877fb02ffa68b5fcc8ddabf4bb245ebd654a,Así cerró el dólar en los bancos argentinos este martes 21 de julio,El Litoral,2026-07-21 18:13:00+00:00,,2026-07-21 18:00:00+00:00,2026-07-21 18:00:00+00:00,1,All Topics,1h,data/output_digests/headlines_1h_window_20260721T18_All_Topics_01.md
fx,dolar,2,content:782b22761e25a8179502abc4faf8deb82a05fe20,"El Gobierno apuesta a la calma del dólar, pero ya tiene a la fortaleza de la divisa en la mira",MDZ Online,2026-07-21 18:05:00+00:00,,2026-07-21 18:00:00+00:00,2026-07-21 18:00:00+00:00,1,All Topics,1h,data/output_digests/headlines_1h_window_20260721T18_All_Topics_01.md
fx,dolar,2,content:962c068bfe613c6a748bb72d0bb35f8610e8ba10,Dólar hoy: cuánto está este miércoles 6 de mayo,Radio Mitre,2026-05-06 14:40:00+00:00,,2026-05-06 14:00:00+00:00,2026-05-06 14:00:00+00:00,1,All Topics,1h,data/output_digests/headlines_1h_window_20260506T14_All_Topics_02.md
fx,dolar,2,content:dd3e89bdbe948c2bd7596c1a2d55afc8a4bb7da5,El dólar en Córdoba: cotizaciones de este miércoles 6 de mayo,Canal C,2026-05-06 14:16:00+00:00,,2026-05-06 14:00:00+00:00,2026-05-06 14:00:00+00:00,1,All Topics,1h,data/output_digests/headlines_1h_window_20260506T14_All_Topics_01.md
fx,dolar,5,content:e826f073011f23fedfdeaeafc4b4be118af848a0,Cavallo pidió levantar el cepo al dólar y Luis Caputo lo cruzó con dureza,Fenix 95.1,2026-05-06 12:38:00+00:00,,2026-05-06 12:00:00+00:00,2026-05-06 12:00:00+00:00,1,All Topics,1h,data/output_digests/headlines_1h_window_20260506T12_All_Topics_02.md
inflation,inflacion,5,content:3e7f7ebcd7048954137b59e4e8f6e55d3a66a7eb,Fitch subió la nota a Argentina y afirman que desaceleró la inflación: los temas del día en BAE Negocios,BAE Negocios,2026-05-06 03:00:00+00:00,,2026-05-06 03:00:00+00:00,2026-05-06 03:00:00+00:00,1,All Topics,1h,data/output_digests/headlines_1h_window_20260506T03_All_Topics_01.md
fx,dolar,5,content:15f6a62d5d2bc1c92ae8a615119fb4cdea2dcc27,Bajó el dólar oficial en el Banco Nación y la suba del blue achicó la brecha,Diario UNO,2026-05-05 20:54:00+00:00,,2026-05-06 12:00:00+00:00,2026-05-06 12:00:00+00:00,1,All Topics,2day,data/output_digests/headlines_2day_window_20260506T12_All_Topics_08.md
rates,plazo fijo,5,content:c743badb8dd2169aa23c8d12f122d13ad099c6f0,Plazo fijo Banco Nación tras cambios en la tasa: cuánto se gana con $2 millones,iProfesional,2026-05-05 20:42:00+00:00,,2026-05-06 12:00:00+00:00,2026-05-06 12:00:00+00:00,1,All Topics,2day,data/output_digests/headlines_2day_window_20260506T12_All_Topics_08.md
reserves,banco central | dolar,7,content:a53843e9263f86c8bdb3eae36d0875bca9dd14c0,Dólar: el Banco Central acumuló 80 días consecutivos de compras y ya alcanzó el 73% de su meta,TN,2026-05-05 20:35:00+00:00,,2026-05-06 12:00:00+00:00,2026-05-06 12:00:00+00:00,1,All Topics,2day,data/output_digests/headlines_2day_window_20260506T12_All_Topics_08.md
reserves,banco central | dolar,7,content:f4276dcf8d5d82247d8eb2d3152f561bcead4d07,El dólar blue cerró en alza este martes 5 de mayo y el Banco Central volvió a comprar dólares,MSN,2026-05-05 20:32:00+00:00,,2026-05-05 20:00:00+00:00,2026-05-05 20:00:00+00:00,1,All Topics,1h,data/output_digests/headlines_1h_window_20260505T20_All_Topics_01.md
inflation,inflacion,5,content:33281b65a506581ec40bac3370724a6f9880fc8a,Inflación en Argentina: ¿A qué ritmo va a desacelerar?,Infobae,2026-05-05 20:06:00+00:00,,2026-05-05 20:00:00+00:00,2026-05-06 12:00:00+00:00,2,All Topics,1h,data/output_digests/headlines_1h_window_20260505T20_All_Topics_01.md
inflation,inflacion,5,content:ac6fd7894564b25accc4710ccdabfef4d7e57c75,"La inflación en Argentina hoy y su impacto en consumo, mercados y apuestas",Realidad Sanmartinense,2026-05-05 14:56:00+00:00,,2026-05-06 12:00:00+00:00,2026-05-06 12:00:00+00:00,1,All Topics,2day,data/output_digests/headlines_2day_window_20260506T12_All_Topics_04.md
rates,plazo fijo | tasa de interes,2,content:7c15a12a5ad202ff466d2f20b0597e77f656250f,Plazo fijo: cuál es la tasa de interés banco por banco este martes 5 de mayo,La Nación,2026-05-05 14:14:00+00:00,,2026-05-06 12:00:00+00:00,2026-05-06 12:00:00+00:00,1,All Topics,2day,data/output_digests/headlines_2day_window_20260506T12_All_Topics_04.md
fx,dolar,5,content:726e2ffee922c376edbcc406c6c620d1b39aeb00,Banco Nación se fondeará con bonos UVA y atados al dólar MEP,El Cronista,2026-05-05 12:59:00+00:00,,2026-05-05 20:00:00+00:00,2026-05-05 20:00:00+00:00,1,All Topics,4h,data/output_digests/headlines_4h_window_20260505T20_All_Topics_02.md
inflation,inflacion,5,content:100f46eadd356327f4311cadf0e3596a81ea615c,"Argentina: la inflación acumuló un 11,1%",El País Tarija,2026-05-05 04:01:00+00:00,,2026-05-06 12:00:00+00:00,2026-05-06 12:00:00+00:00,1,All Topics,2day,data/output_digests/headlines_2day_window_20260506T12_All_Topics_03.md
inflation,inflacion,5,content:cd87d8eb789ede0e05b43d364df92ab203e838b5,Ciclo del carry trade e inflación: ¿Argentina está en un proceso de desinflación?,El Economista: Últimas noticias económicas y financieras,2026-05-04 22:15:00+00:00,,2026-05-06 12:00:00+00:00,2026-05-06 12:00:00+00:00,1,All Topics,2day,data/output_digests/headlines_2day_window_20260506T12_All_Topics_02.md
reserves,banco central | dolar,7,content:afd122f22fc51081caf22e8329f8f92234a9a39c,El dólar blue cerró en alza este lunes 4 de mayo y el Banco Central volvió a comprar dólares,Perfil,2026-05-04 20:19:00+00:00,,2026-05-04 20:00:00+00:00,2026-05-04 20:00:00+00:00,1,All Topics,1h,data/output_digests/headlines_1h_window_20260504T20_All_Topics_01.md
fx,dolar,3,content:8506bcfa07ed7c47720f02ef77fbc939f33e74e1,¿A cuánto cotizó el dólar oficial este lunes en Argentina?,ADNSUR,2026-05-04 16:43:00+00:00,,2026-05-04 16:00:00+00:00,2026-05-04 16:00:00+00:00,1,All Topics,1h,data/output_digests/headlines_1h_window_20260504T16_All_Topics_01.md
inflation,inflacion | ipc,5,content:34bb2a8159131afacf54ffbe5795b698fc54ca9d,Inflación: cuándo el INDEC dará a conocer el IPC de abril 2026 y qué dicen las estimaciones privadas,C5N,2026-05-04 16:07:00+00:00,,2026-05-06 12:00:00+00:00,2026-05-06 12:00:00+00:00,1,All Topics,2day,data/output_digests/headlines_2day_window_20260506T12_All_Topics_01.md
inflation,inflacion,5,content:cd654a35e356f892058a4713f81c1be598e2227d,Argentina aumenta impuestos al combustible en mayo por inflación,Inspenet,2026-05-04 14:46:00+00:00,,2026-05-04 20:00:00+00:00,2026-05-04 20:00:00+00:00,1,All Topics,4h,data/output_digests/headlines_4h_window_20260504T20_All_Topics_04.md
reserves,banco central | dolar,7,content:323034f14221b901c62d4fd365734242ce461495,"“Si el Banco Central no hubiese comprado más de USD 7.000 millones, el dólar estaría más cerca de $1.300”",Perfil,2026-05-04 14:26:00+00:00,,2026-05-04 14:00:00+00:00,2026-05-04 20:00:00+00:00,2,All Topics,1h,data/output_digests/headlines_1h_window_20260504T14_All_Topics_02.md
reserves,bcra | dolar,7,content:9705c1d9fad9293cf29076f2146e7597e51c8095,Cayó la demanda de cobertura cambiaria y colapsó la posición del BCRA en dólar futuro: qué bonos recomiendan,El Cronista,2026-05-04 14:19:00+00:00,,2026-05-04 20:00:00+00:00,2026-05-04 20:00:00+00:00,1,All Topics,4h,data/output_digests/headlines_4h_window_20260504T20_All_Topics_03.md
inflation,dolar | inflacion,7,content:60907e213307952ceed0b4c9da61b0f1c406f34e,ECONOMÍA. Estrategias de inversión en Argentina: Cómo proteger el capital frente a la inflación y el dólar,Diario de Las Varillas,2026-05-04 13:38:00+00:00,,2026-05-04 20:00:00+00:00,2026-05-06 12:00:00+00:00,2,All Topics,4h,data/output_digests/headlines_4h_window_20260504T20_All_Topics_02.md
inflation,dolar | inflacion,7,content:bf2a83d83cfad1ffd4b3096515abc676e0cceb8d,"Ni el dólar, ni la inflación: el “llamado de atención” a Milei que los argentinos miran con lupa",El Cronista,2026-05-03 11:28:00+00:00,,2026-05-03 11:00:00+00:00,2026-05-04 00:00:00+00:00,4,All Topics,1h,data/output_digests/headlines_1h_window_20260503T11_All_Topics_01.md
fx,dolar,5,content:3e79c6f717d051e2f968a4c4b1a5f9ef69e24cdc,Dólar hoy Argentina: qué puede pasar este 4 de mayo,FM Luzu 92.3 MHz,2026-05-02 21:02:00+00:00,,2026-05-02 21:00:00+00:00,2026-05-03 00:00:00+00:00,2,All Topics,1h,data/output_digests/headlines_1h_window_20260502T21_All_Topics_01.md
rates,dolar | plazo fijo,4,content:d33e708169d5af1c77ed1285247aeb2cc1a21721,Plazo fijo vs. dólar: el ganador de la carrera en abril,TN,2026-05-02 16:50:00+00:00,,2026-05-02 20:00:00+00:00,2026-05-03 08:00:00+00:00,3,All Topics,4h,data/output_digests/headlines_4h_window_20260502T20_All_Topics_05.md
fx,dolar,5,content:07c068571623cb7c296568ed94e995fb72364510,Milei reivindicó su plan económico y apuntó contra el “chanterío” por el dólar,Primera Edición,2026-05-02 15:03:00+00:00,,2026-05-02 15:00:00+00:00,2026-05-03 12:00:00+00:00,4,All Topics,1h,data/output_digests/headlines_1h_window_20260502T15_All_Topics_01.md
rates,dolar | plazo fijo,4,content:70d40509846d0b91d305e6f02e13237183a8a7f1,¿Dólar o plazo fijo UVA?: la inversión que rendirá más en 2026 según la City,iProUP,2026-05-02 04:53:00+00:00,,2026-05-02 08:00:00+00:00,2026-05-02 08:00:00+00:00,1,All Topics,4h,data/output_digests/headlines_4h_window_20260502T08_All_Topics_02.md
inflation,inflacion | masa salarial,7,content:1f87f72120adaf8a5b3a9f17b7e0b4a1ae1a95aa,Ingresos en Argentina: la masa salarial sigue 4% debajo de 2023 tras nueva suba de la inflación,Sitio Andino,2026-05-02 00:00:00+00:00,,2026-05-02 16:00:00+00:00,2026-05-03 12:00:00+00:00,2,All Topics,8h,data/output_digests/headlines_8h_window_20260502T16_All_Topics_01.md
rates,banco central | tasa de interes,7,content:00919cc46f50d4ccab27d59e2a88446052146c6c,"Banco central de Colombia, en disputa con el Gobierno, mantiene tasa de interés en 11,25 %",Infobae,2026-04-30 20:14:00+00:00,,2026-04-30 20:00:00+00:00,2026-05-01 08:00:00+00:00,4,All Topics,1h,data/output_digests/headlines_1h_window_20260430T20_All_Topics_01.md
rates,banco central | tasa de interes,7,content:d1e9c813b77d953eef2bc171b14ade981c8a6dd0,"El Banco Central de Brasil volvió a reducir la tasa de interés un 0,25, hasta el 14,50%",Infobae,2026-04-30 16:52:00+00:00,,2026-04-30 20:00:00+00:00,2026-05-02 12:00:00+00:00,4,All Topics,4h,data/output_digests/headlines_4h_window_20260430T20_All_Topics_07.md
reserves,dolar | inflacion | reservas,9,content:2b9613de5506fcfbdff3eb72c86fb0b910d07a3e,"La ECONOMÍA de MILEI: dólar estable, inflación a la baja y reservas récord",Fundación Libertad y Progreso,2026-04-30 09:44:00+00:00,,2026-04-30 09:00:00+00:00,2026-05-01 00:00:00+00:00,3,All Topics,1h,data/output_digests/headlines_1h_window_20260430T09_All_Topics_01.md
rates,banco central | inflacion | tasa de interes,9,content:6728b945b47598166a62fd2a065ac8f37a396920,"Banco Central de Brasil baja su tasa de interés al 14,5% en medio de una inflación creciente",Bloomberg Línea,2026-04-29 22:01:00+00:00,,2026-04-29 22:00:00+00:00,2026-04-30 04:00:00+00:00,2,All Topics,1h,data/output_digests/headlines_1h_window_20260429T22_All_Topics_01.md
reserves,bcra | dolar | inflacion,9,content:46c02edd5812d32fb9d5d5ca7dddfba9d20dbf4c,"El titular del BCRA aseguró que el dólar ""flota libremente"" y la INFLACIÓN es temporal",iProfesional,2026-04-29 19:03:00+00:00,,2026-04-29 19:00:00+00:00,2026-04-30 12:00:00+00:00,4,All Topics,1h,data/output_digests/headlines_1h_window_20260429T19_All_Topics_01.md
fx,dolar,5,content:6a24a619580e814a018fa4cd7d9ad12dd3fb8979,Dólar cripto se regula en EE.UU. y Europa: qué pasa en Argentina,iProUP,2026-04-29 09:54:00+00:00,,2026-04-29 16:00:00+00:00,2026-04-29 16:00:00+00:00,1,All Topics,4h,data/output_digests/headlines_4h_window_20260429T16_All_Topics_01.md
inflation,dolar | inflacion,7,content:813e7c681b1adc46d64c28eb962f916d054a9e1f,"Tres desafíos para Milei: que el dólar se acomode más arriba, la inflación más abajo y viajar a China",Clarin.com,2026-04-28 19:13:00+00:00,,2026-04-28 19:00:00+00:00,2026-04-29 12:00:00+00:00,4,All Topics,1h,data/output_digests/headlines_1h_window_20260428T19_All_Topics_01.md
fx,dolar,5,content:058cf98a1806976243cccd7e236a37b28aabc4c2,"Lo que tenés que saber: Milei y Macri juntos, sube el dólar y la joya del mercado",El Cronista,2026-04-28 12:30:00+00:00,,2026-04-28 12:00:00+00:00,2026-04-28 16:00:00+00:00,2,All Topics,1h,data/output_digests/headlines_1h_window_20260428T12_All_Topics_01.md
fx,dolar,5,content:9f971b290c52dc493e456b6d7dbb524ed4b466c2,Dólar atrasado y pases de factura: el reclamo empresario detrás del show ortodoxo de Milei,Perfil,2026-04-28 08:30:00+00:00,,2026-04-28 08:00:00+00:00,2026-04-29 00:00:00+00:00,3,All Topics,1h,data/output_digests/headlines_1h_window_20260428T08_All_Topics_01.md
fx,dolar,5,content:1f40f7026d0e1fc8435958c8436be99af6ed2d02,El dólar subió a $1.440 en el Banco Nación: los 5 factores que impulsaron este aumento,Infobae,2026-04-27 19:53:00+00:00,,2026-04-28 08:00:00+00:00,2026-04-28 12:00:00+00:00,2,All Topics,8h,data/output_digests/headlines_8h_window_20260428T08_All_Topics_04.md
fx,dolar,5,content:576d0540a32f3b6915ece770e48255c0216881f0,El dólar volvió a escalar y cerró a $1.440 en el Banco Nación: claves para entender la suba,La Gaceta,2026-04-27 19:31:00+00:00,,2026-04-28 08:00:00+00:00,2026-04-28 08:00:00+00:00,1,All Topics,8h,data/output_digests/headlines_8h_window_20260428T08_All_Topics_03.md
inflation,dolar | inflacion,7,content:8237110b41a61a721917b3ca3bb4536ceae5582a,Inflación en dólares: el costo oculto del dólar barato en Argentina,LM Neuquén,2026-04-26 10:15:00+00:00,,2026-04-28 12:00:00+00:00,2026-04-28 12:00:00+00:00,1,All Topics,2day,data/output_digests/headlines_2day_window_20260428T12_All_Topics_01.md
inflation,inflacion | poder adquisitivo | salarios,7,content:9e59e20dd7d696ef04d2f7b3164e1a692f7f3e01,"Radiografía económica: salarios, inflación y la pérdida del poder adquisitivo en Argentina",Diario San Rafael,2026-04-26 09:00:00+00:00,,2026-04-28 12:00:00+00:00,2026-04-28 12:00:00+00:00,1,All Topics,2day,data/output_digests/headlines_2day_window_20260428T12_All_Topics_01.md
inflation,inflacion | salario,7,content:c64d82c6ae3d2b775cce2c4bc16842ed50736a7b,"El 70% de los votantes de Milei asegura que su salario perdió contra la inflación, según una encuesta",Infobae,2026-04-25 03:43:00+00:00,,2026-04-25 08:00:00+00:00,2026-04-25 08:00:00+00:00,1,All Topics,4h,data/output_digests/headlines_4h_window_20260425T08_All_Topics_03.md
fx,dolar,5,content:f39eac49dd710cb369c0a28d2d0a41174a7b8f80,"Cuándo se va el dólar a $2.000 en Argentina, según una consultora de referencia mundial",El Destape,2026-04-24 22:22:00+00:00,,2026-04-24 22:00:00+00:00,2026-04-25 04:00:00+00:00,2,All Topics,1h,data/output_digests/headlines_1h_window_20260424T22_All_Topics_01.md
fx,dolar,5,content:c501093f78e7eaa9574b69d5c853e5eb292fe182,Entre subas y estabilidad: así cerró el dólar este viernes 24 en Argentina,Sur 24 Noticias,2026-04-24 17:09:00+00:00,,2026-04-25 00:00:00+00:00,2026-04-25 00:00:00+00:00,1,All Topics,4h,data/output_digests/headlines_4h_window_20260425T00_All_Topics_02.md
rates,bcra | tasa de interes,7,content:380b96e0ab15561c0b0504ec5387c0e14e4c1286,El BCRA bajó la tasa de interés: la caución se mantiene en 20% y el mercado busca oportunidades,El Cronista,2026-04-24 15:04:00+00:00,,2026-04-24 15:00:00+00:00,2026-04-24 20:00:00+00:00,2,All Topics,1h,data/output_digests/headlines_1h_window_20260424T15_All_Topics_01.md
fx,dolar,5,content:ce086aa7062983a8ca468b344e96506f50ed37f0,El dólar subió en todos los segmentos: el minorista avanzó $15 y superó los $1.400 en el Banco Nación,La Gaceta,2026-04-23 20:37:00+00:00,,2026-04-23 20:00:00+00:00,2026-04-24 04:00:00+00:00,3,All Topics,1h,data/output_digests/headlines_1h_window_20260423T20_All_Topics_01.md
inflation,inflacion | salarios,7,content:eec1f72a8a7ede5c83a943be2652d5184d0bc79d,"Salarios: pese a los dichos de Milei, caen frente a la inflación y los datos de informales están cuestionados",Chequeado,2026-04-22 18:09:00+00:00,,2026-04-22 18:00:00+00:00,2026-04-23 12:00:00+00:00,4,All Topics,1h,data/output_digests/headlines_1h_window_20260422T18_All_Topics_01.md
inflation,inflacion | poder adquisitivo,7,content:187bbf191ca16cdf1d10bb1ceebb36baf3767b33,Inflación y costo de vida: qué país de Sudamérica tiene mejor poder adquisitivo y cómo se posiciona Argentina,Diario Mendoza,2026-04-21 18:34:00+00:00,,2026-04-21 18:00:00+00:00,2026-04-21 18:00:00+00:00,1,All Topics,1h,data/output_digests/headlines_1h_window_20260421T18_All_Topics_01.md
inflation,inflacion | poder adquisitivo,7,content:6a226873967b543a1649929744a6050cf47f90fc,Inflación y nivel de vida en Sudamérica: qué país ofrece mejor poder adquisitivo y en qué lugar quedó Argentina,Ambito,2026-04-21 12:47:00+00:00,,2026-04-21 16:00:00+00:00,2026-04-23 12:00:00+00:00,3,All Topics,4h,data/output_digests/headlines_4h_window_20260421T16_All_Topics_05.md
inflation,inflacion | salarios,7,content:1607f776365941b3f9680327df0a9943f728bf6a,"Los salarios quedaron por debajo de la inflación en febrero, según INDEC",RTS Medios,2026-04-20 18:46:00+00:00,,2026-04-21 08:00:00+00:00,2026-04-21 12:00:00+00:00,2,All Topics,8h,data/output_digests/headlines_8h_window_20260421T08_All_Topics_03.md
inflation,inflacion | salarios,7,content:11a631d9ab577ba35fa57fab9c0eb7f95adeb2c1,"Los salarios volvieron a perder contra la inflación en febrero, según el INDEC",radio3caseros.com.ar,2026-04-20 17:19:00+00:00,,2026-04-20 17:00:00+00:00,2026-04-21 08:00:00+00:00,3,All Topics,1h,data/output_digests/headlines_1h_window_20260420T17_All_Topics_01.md
inflation,dolar | inflacion | salarios,9,content:810c28672c092cb13065e6a367e2c9dc444d5f9c,"CON AJUSTE, SALARIOS PISADOS Y DÓLAR INTERVENIDO, SUBIÓ 3,4 POR CIENTO EN MARZO: LA INFLACIÓN DE MILEI “SE DESPLOMA” PARA ARRIBA",Federal Al Día,2026-04-15 00:12:00+00:00,,2026-04-15 00:00:00+00:00,2026-04-15 08:00:00+00:00,3,All Topics,1h,data/output_digests/headlines_1h_window_20260415T00_All_Topics_01.md
reserves,bcra | dolar | inflacion,9,content:87f250bedfa227b1435759a0c82e58bccb725f43,El dólar rebota y corta la baja tras compras del BCRA y el impacto de la inflación de marzo,economis.com.ar,2026-04-15 00:11:00+00:00,,2026-04-15 00:00:00+00:00,2026-04-15 08:00:00+00:00,3,All Topics,1h,data/output_digests/headlines_1h_window_20260415T00_All_Topics_01.md
reserves,bcra | dolar | inflacion,9,content:eeb79cda242aed6df8b1255e45a99f36aa24dbc0,"El dólar interrumpió la racha de bajas, sostenido por las compras del BCRA y el dato de inflación de marzo",Infobae,2026-04-14 19:51:00+00:00,,2026-04-15 00:00:00+00:00,2026-04-15 12:00:00+00:00,3,All Topics,4h,data/output_digests/headlines_4h_window_20260415T00_All_Topics_05.md
reserves,banco central | dolar | inflacion,9,content:cde51735c05b54a3744d378dd25cbb95f3657475,Inflación y dólar en 2026: proyecciones de las consultoras que releva el Banco Central,Perfil,2026-04-08 22:29:00+00:00,,2026-04-09 04:00:00+00:00,2026-04-09 04:00:00+00:00,1,All Topics,4h,data/output_digests/headlines_4h_window_20260409T04_All_Topics_04.md
reserves,banco central | inflacion,7,content:9830fcbb694715926ffb84164c5c7af0cec91626,"“Argentina se encamina hacia el crecimiento sostenible, un Banco Central sólido e inflación bajísima”",Agrositio,2026-03-31 21:03:00+00:00,,2026-04-02 12:00:00+00:00,2026-04-02 12:00:00+00:00,1,All Topics,2day,data/output_digests/headlines_2day_window_20260402T12_All_Topics_03.md
reserves,bcra | dolar,7,content:ad76ef91c5f717f8ef7bd956a285c6a974dd5539,El BCRA baja encajes: cómo impactará en el dólar en abril - Diario El Norte,Diario El Norte - San Nicolás,2026-03-31 20:03:00+00:00,,2026-04-01 00:00:00+00:00,2026-04-01 04:00:00+00:00,2,All Topics,4h,data/output_digests/headlines_4h_window_20260401T00_All_Topics_06.md
reserves,bcra | dolar,7,content:534ccf94986e6d06cb0ee73c0d1e219220aeb539,El BCRA baja encajes: cómo impactará en el dólar en abril,diarioelnorte.com.ar,2026-03-31 20:03:00+00:00,,2026-03-31 20:00:00+00:00,2026-03-31 20:00:00+00:00,1,All Topics,1h,data/output_digests/headlines_1h_window_20260331T20_All_Topics_01.md
inflation,dolar | inflacion,7,content:3669dffc8379524c7eda16926f1f89e357a66d45,El dólar bajó $15 tras la crítica de Javier Milei a los economistas por la inflación,mdzol.com,2026-03-31 19:03:00+00:00,,2026-04-01 00:00:00+00:00,2026-04-01 00:00:00+00:00,1,All Topics,4h,data/output_digests/headlines_4h_window_20260401T00_All_Topics_04.md
fx,dolar,5,content:124e25dc86737ee9f6e1202a57611eb5f6b285d6,Gobierno de Javier Milei. ¿Es sostenible la calma en el dólar?,La Voz del Interior,2026-03-31 18:49:00+00:00,,2026-04-01 00:00:00+00:00,2026-04-01 12:00:00+00:00,4,All Topics,4h,data/output_digests/headlines_4h_window_20260401T00_All_Topics_04.md
fx,dolar,5,content:07265ceeec9739c8de97fccdb4c1efc86e9398d1,Dólar planchado y atraso cambiario: el modelo de Milei profundiza desequilibrios mientras se acerca otro momento crítico,Política Argentina,2026-03-31 18:42:00+00:00,,2026-04-01 00:00:00+00:00,2026-04-01 00:00:00+00:00,1,All Topics,4h,data/output_digests/headlines_4h_window_20260401T00_All_Topics_03.md
fx,dolar,5,content:b40971e18007e7f73bf21b437c69d91d9f63ae8c,Los 4 factores que fortalecen la calma del dólar y ayudan a blindar el plan Caputo,iProfesional,2026-03-31 17:50:00+00:00,,2026-03-31 20:00:00+00:00,2026-04-01 12:00:00+00:00,5,All Topics,4h,data/output_digests/headlines_4h_window_20260331T20_All_Topics_07.md
fx,dolar,5,content:3b876272ef00f5ddfc07fb71c6edd44956af8cb8,El dólar despertó y la licitación de Caputo no salió como esperaba,NewsDigitales,2026-03-30 21:00:00+00:00,,2026-03-31 04:00:00+00:00,2026-03-31 08:00:00+00:00,2,All Topics,4h,data/output_digests/headlines_4h_window_20260331T04_All_Topics_02.md
fx,dolar,5,content:58b8b5d4dde6f0a88839dee0ccfd713914043241,Caputo libera pesos para apuntalar el consumo y las ventas con un dólar cada vez más bajo,lu17.com,2026-03-29 15:40:00+00:00,,2026-03-30 00:00:00+00:00,2026-03-30 00:00:00+00:00,1,All Topics,8h,data/output_digests/headlines_8h_window_20260330T00_All_Topics_05.md
fx,dolar,5,content:a923d95f020447e732da4b7ad61e67d87f628da3,"Milei, atraso cambiario y dólar barato: destrucción de la industria y el empleo",El Destape,2026-03-29 10:50:00+00:00,,2026-03-29 16:00:00+00:00,2026-03-30 00:00:00+00:00,4,All Topics,4h,data/output_digests/headlines_4h_window_20260329T16_All_Topics_01.md
fx,dolar,5,content:fa9e48cd034fa4e3df5a643d09e6ddbf47424b7c,El dólar blue sufrió su mayor caída diaria en tres semanas y quedó a tiro del billete en el Banco Nación,Ambito,2026-03-27 19:07:00+00:00,,2026-03-28 00:00:00+00:00,2026-03-29 12:00:00+00:00,4,All Topics,4h,data/output_digests/headlines_4h_window_20260328T00_All_Topics_03.md
rates,banco central | tasa de politica monetaria,7,content:54992a23b079db914bef573bc36ea3a30503708d,Junta Directiva del Banco Central de Costa Rica mantiene la Tasa de Política Monetaria en 3.25 % anual,Infobae,2026-03-27 17:55:00+00:00,,2026-03-28 00:00:00+00:00,2026-03-28 08:00:00+00:00,2,All Topics,4h,data/output_digests/headlines_4h_window_20260328T00_All_Topics_02.md
reserves,bcra | dolar | inflacion,9,content:9adef23653329a839a7a786bff4e220d748caa30,"Dólar planchado y una Argentina ""10% más cara en dólares"": ¿Cuál es el plan del BCRA y qué pasará con la inflación?",Diario Río Negro,2026-03-27 14:37:00+00:00,,2026-03-28 12:00:00+00:00,2026-03-29 12:00:00+00:00,2,All Topics,2day,data/output_digests/headlines_2day_window_20260328T12_All_Topics_06.md
inflation,dolar | inflacion,7,content:82a67e75dadd432cedaab03c79df159eadcd0b93,"Crecimiento, dólar, inflación y morosidad: cuáles son las proyecciones de un banco para la economía argentina",Infobae,2026-03-27 04:16:00+00:00,,2026-03-28 12:00:00+00:00,2026-03-29 12:00:00+00:00,2,All Topics,2day,data/output_digests/headlines_2day_window_20260328T12_All_Topics_04.md
fx,dolar,5,content:dd07e18796e3a3bc7f2689ee75bad7b206b3fb00,"Caputo: “Si el Central no comprara US$100 millones por día, hoy el dólar estaría a $1100′′",La Nación,2026-03-26 22:47:00+00:00,,2026-03-28 12:00:00+00:00,2026-03-28 12:00:00+00:00,1,All Topics,2day,data/output_digests/headlines_2day_window_20260328T12_All_Topics_03.md
inflation,inflacion | salarios,7,content:28636fccc340a738be1e873b9074ee35e3e9df3c,"INDEC: el índice de salarios se incrementó 2,5% mensual y 37,7% interanual. El salario formal, cayó por debajo de la inflación.",la5pata.com,2026-03-26 21:18:00+00:00,,2026-03-26 21:00:00+00:00,2026-03-26 21:00:00+00:00,1,All Topics,1h,data/output_digests/headlines_1h_window_20260326T21_All_Topics_01.md
rates,bcra | tasas de interes,7,content:b90439be2d06ba91ac27fae303fd167c469db443,La medida del BCRA para bajar las tasas de interés y reactivar la economía,iProfesional,2026-03-26 20:25:00+00:00,,2026-03-28 12:00:00+00:00,2026-03-28 12:00:00+00:00,1,All Topics,2day,data/output_digests/headlines_2day_window_20260328T12_All_Topics_03.md
fx,dolar,5,content:3b0a089d25eb8ea922c4994d34e3b6e2143c1145,El dólar oficial cerró a $1390 en el Banco Nación,Diario Época Corrientes,2026-03-26 20:02:00+00:00,,2026-03-26 20:00:00+00:00,2026-03-26 20:00:00+00:00,1,All Topics,1h,data/output_digests/headlines_1h_window_20260326T20_All_Topics_01.md
inflation,inflacion | poder adquisitivo | salarios,7,content:c1d07b3235c63ff23eb5929c9c8e3e9aa7643642,La inflación de enero recortó nuevamente el poder adquisitivo de los salarios en Argentina,Mirador Provincial,2026-03-26 19:18:00+00:00,,2026-03-26 19:00:00+00:00,2026-03-28 12:00:00+00:00,2,All Topics,1h,data/output_digests/headlines_1h_window_20260326T19_All_Topics_01.md
inflation,inflacion | salarios,7,content:b150771fd902d4398355b04f05ac952ff4f981bc,"Indec: en enero, y por quinto mes consecutivo, los salarios perdieron frente a la inflación",MinutoUno,2026-03-26 15:40:00+00:00,,2026-03-26 20:00:00+00:00,2026-03-26 20:00:00+00:00,1,All Topics,4h,data/output_digests/headlines_4h_window_20260326T20_All_Topics_06.md
inflation,inflacion | salarios | sueldo,7,content:7c41f9b5060d5d3c08d2f130eb468525e0911cb4,Salarios contra la inflación: por qué Javier Milei miente sobre un aumento de sueldo que no existe,El Destape,2026-03-26 15:14:00+00:00,,2026-03-26 20:00:00+00:00,2026-03-26 20:00:00+00:00,1,All Topics,4h,data/output_digests/headlines_4h_window_20260326T20_All_Topics_05.md
inflation,inflacion | salarios,7,content:eabbbc7c7fac991dd5e0350fe6d5986851d7540e,INDEC confirmó que los salarios volvieron a perder contra la inflación mientras Milei se peleaba en redes sociales,El Ágora Digital,2026-03-26 14:44:00+00:00,,2026-03-26 14:00:00+00:00,2026-03-26 20:00:00+00:00,2,All Topics,1h,data/output_digests/headlines_1h_window_20260326T14_All_Topics_02.md
inflation,inflacion | salarios,7,content:0ef7fac69e4add1dc3a333a54a7bf766088a93c7,Indec: los salarios cayeron contra la inflación en enero,El Informante,2026-03-26 12:32:00+00:00,,2026-03-26 16:00:00+00:00,2026-03-26 16:00:00+00:00,1,All Topics,4h,data/output_digests/headlines_4h_window_20260326T16_All_Topics_05.md
inflation,inflacion | salarios,7,content:64d301cb48fcf0cc1aa2b05d4a59d7d3edacc4ca,"Salarios en retroceso: en enero volvieron a perder contra la inflación y acumulan una caída real del 7,9% con Milei",LoQuePasa.net,2026-03-26 12:15:00+00:00,,2026-03-26 12:00:00+00:00,2026-03-26 20:00:00+00:00,3,All Topics,1h,data/output_digests/headlines_1h_window_20260326T12_All_Topics_01.md
inflation,inflacion | salarios,7,content:8bb6026ac2fe1475e63ae3889398d4474726f292,"Los salarios formales cayeron contra la inflación en enero y ya perdieron 7,9% real en la era de Javier Milei",Diario Uno Santa Fe,2026-03-26 12:11:00+00:00,,2026-03-26 12:00:00+00:00,2026-03-26 16:00:00+00:00,2,All Topics,1h,data/output_digests/headlines_1h_window_20260326T12_All_Topics_01.md
rates,banco central | ipc | tasa de politica monetaria,9,content:09c185528149d45c72eb7fd1ba17b26c9e61e680,"Banco Central mantiene la tasa de política monetaria en 4,5% y alerta por shock externo en el IPC y la actividad local",diarioestrategia.cl,2026-03-25 07:02:00+00:00,,2026-03-26 12:00:00+00:00,2026-03-26 12:00:00+00:00,1,All Topics,2day,data/output_digests/headlines_2day_window_20260326T12_All_Topics_02.md
rates,bcra | dolar | inflacion | tasas de interes,11,content:775755fa042eca641404cd28c59d8a26de5b00f4,El BCRA dispuso una fuerte rebaja de las tasas de interés: qué puede pasar con el dólar y la inflación,Diario Río Negro,2026-03-23 02:28:00+00:00,,2026-03-23 02:00:00+00:00,2026-03-25 12:00:00+00:00,5,All Topics,1h,data/output_digests/headlines_1h_window_20260323T02_All_Topics_01.md
rates,banco central | inflacion | tasa de interes,9,content:ac581a385256a9baea50dd60439218ab0f0c8192,"El Banco Central de Islandia sube su tasa de interés al 7,50% ante la elevada inflación",TradingView,2026-03-18 08:49:00+00:00,,2026-03-18 16:00:00+00:00,2026-03-18 16:00:00+00:00,1,All Topics,4h,data/output_digests/headlines_4h_window_20260318T16_All_Topics_01.md
reserves,bcra | dolar | ipc,9,content:5b21452d31bf2ac1477c32d01c00654f1d9d5ae4,"VIDEO| Precio más alto que puede tocar el dólar sin que actúe el BCRA, tras IPC INDEC",iProfesional,2026-03-12 22:02:00+00:00,,2026-03-14 12:00:00+00:00,2026-03-14 12:00:00+00:00,1,All Topics,2day,data/output_digests/headlines_2day_window_20260314T12_All_Topics_03.md
inflation,inflacion,5,content:d88385f7b3ec76d086b64f22c1e21a28405818fa,Números previos. La inflación no cede y complica el plan del gobierno de Javier Milei,La Voz del Interior,2026-02-27 16:36:00+00:00,,2026-02-27 20:00:00+00:00,2026-02-27 20:00:00+00:00,1,All Topics,4h,data/output_digests/headlines_4h_window_20260227T20_All_Topics_07.md
inflation,inflacion,5,content:a9fa87327007e4c40f9381110514555047570bc3,Por qué el precio de la carne sube muy por encima de la inflación en Argentina,Sitio Andino,2026-02-26 23:45:00+00:00,,2026-02-27 04:00:00+00:00,2026-02-27 04:00:00+00:00,1,All Topics,4h,data/output_digests/headlines_4h_window_20260227T04_All_Topics_05.md
fx,dolar,5,content:83e5fcadfdbc2e164fa0a5884fb0f1344a772da8,"Dólar: la teoría de la sonrisa, la Convertibilidad y la mueca argentina 25 años después",El Cronista,2026-02-26 22:49:00+00:00,,2026-02-27 04:00:00+00:00,2026-02-27 04:00:00+00:00,1,All Topics,4h,data/output_digests/headlines_4h_window_20260227T04_All_Topics_04.md
fx,dolar,5,content:5b3a2efea76ba6132492a1e81519b3f16b1ebee6,El dólar se recalienta y expone la fragilidad del esquema financiero de Milei,Política Argentina,2026-02-26 18:16:00+00:00,,2026-02-27 00:00:00+00:00,2026-02-27 00:00:00+00:00,1,All Topics,4h,data/output_digests/headlines_4h_window_20260227T00_All_Topics_03.md
fx,dolar,5,content:e62fe2d634d8dd02947c83706c6d044fab33fffd,Dólar hoy en vivo: en el Banco Nación subió a $1.425 y ahora vale lo mismo que el blue,Infobae,2026-02-26 13:11:00+00:00,,2026-02-26 20:00:00+00:00,2026-02-26 20:00:00+00:00,1,All Topics,4h,data/output_digests/headlines_4h_window_20260226T20_All_Topics_02.md
inflation,inflacion,5,content:61deac9c58365173fc6b3c187224847643c274db,Inflación de alimentos: Argentina será el segundo país con mayor suba en 2026 según un informe,El Observador,2026-02-26 12:02:00+00:00,,2026-02-26 16:00:00+00:00,2026-02-27 12:00:00+00:00,3,All Topics,4h,data/output_digests/headlines_4h_window_20260226T16_All_Topics_03.md
fx,dolar,5,content:913ebfbbca4bbd477428ab5df24ee65d321c3aee,"Toto Caputo activó el bono ""dólar colchón"", bajó la tasa y empieza a pedalear con la Inocencia Fiscal",Letra P,2026-02-25 22:56:00+00:00,,2026-02-26 04:00:00+00:00,2026-02-26 04:00:00+00:00,1,All Topics,4h,data/output_digests/headlines_4h_window_20260226T04_All_Topics_04.md
fx,dolar,5,content:8acd1879a0cca2a2e0d6cf68f15d384c9fb23c7a,El dólar oficial subió $15 y cerró a $1415 en el Banco Nación,TN,2026-02-25 20:25:00+00:00,,2026-02-26 00:00:00+00:00,2026-02-26 08:00:00+00:00,3,All Topics,4h,data/output_digests/headlines_4h_window_20260226T00_All_Topics_04.md
rates,dolar | plazo fijo,4,content:56fb8d2be0a5723c2a47dd6a57d3c8c1e865b2f4,Plazo fijo o dólar: qué recomiendan los economistas para los próximos meses,El Litoral,2026-02-25 19:07:00+00:00,,2026-02-26 00:00:00+00:00,2026-02-26 12:00:00+00:00,3,All Topics,4h,data/output_digests/headlines_4h_window_20260226T00_All_Topics_03.md
fx,dolar,5,content:a2183fcf25fe5cc6e32e90c6beb7db236b4a6aa7,Por qué baja el precio del dólar y de qué manera puede complicar a Caputo,iProfesional,2026-02-25 18:35:00+00:00,,2026-02-26 00:00:00+00:00,2026-02-26 12:00:00+00:00,3,All Topics,4h,data/output_digests/headlines_4h_window_20260226T00_All_Topics_02.md
reserves,banco central | dolar | reservas,7,content:6b164003170367919702b209b531c89568610940,"El dólar volvió a subir, cerró en $1.415 y las reservas del Banco Central tocaron un nuevo récord",Clarin.com,2026-02-25 16:17:00+00:00,,2026-02-26 00:00:00+00:00,2026-02-26 12:00:00+00:00,3,All Topics,4h,data/output_digests/headlines_4h_window_20260226T00_All_Topics_01.md
fx,dolar,5,content:50962da259fb7e5fb71462f46b802896470a40b4,"Milei, entre el dólar planchado y el fantasma de la estanflación - Noticias de Mendoza",Noticias de Mendoza - Memo,2026-02-25 14:12:00+00:00,,2026-02-25 20:00:00+00:00,2026-02-25 20:00:00+00:00,1,All Topics,4h,data/output_digests/headlines_4h_window_20260225T20_All_Topics_04.md
fx,dolar,5,content:47f5384a631cf67881aa06467524cb793f723f02,Dólar hoy en vivo: en el Banco Nación subió a $1.415 y el blue avanzó a $1.445,Infobae,2026-02-25 13:10:00+00:00,,2026-02-25 20:00:00+00:00,2026-02-26 12:00:00+00:00,2,All Topics,4h,data/output_digests/headlines_4h_window_20260225T20_All_Topics_03.md
inflation,inflacion,5,content:e2f90e873210ef18f61d558ae89529f749a5393a,Argentina: febrero complica la meta oficial de inflación y consultoras prevén otro mes con alza cercana al 3%,YaTeCuento,2026-02-25 12:19:00+00:00,,2026-02-25 16:00:00+00:00,2026-02-25 16:00:00+00:00,1,All Topics,4h,data/output_digests/headlines_4h_window_20260225T16_All_Topics_04.md
inflation,inflacion,5,content:43466522bddf90a96f90ee6bfaa9dd5555b88224,¿MMlei manipuló las cifras de inflación en Argentina para ocultar la realidad económica ?,InfoPunta,2026-02-25 10:01:00+00:00,,2026-02-25 16:00:00+00:00,2026-02-25 16:00:00+00:00,1,All Topics,4h,data/output_digests/headlines_4h_window_20260225T16_All_Topics_01.md
fx,dolar,5,content:b3a609ba43a9131d8d340766dd56def470d9309e,El dólar oficial rebotó tras cuatro jornadas y se negoció a $1.400 en el Banco Nación,La Gaceta,2026-02-24 20:05:00+00:00,,2026-02-25 00:00:00+00:00,2026-02-25 08:00:00+00:00,3,All Topics,4h,data/output_digests/headlines_4h_window_20260225T00_All_Topics_06.md
inflation,inflacion,5,content:b768a525174447432a74b21df6cb409188d09d07,Argentina frente al espejo: inflación persistente y empleo en jaque,Identidad Correntina,2026-02-24 17:06:00+00:00,,2026-02-25 00:00:00+00:00,2026-02-26 12:00:00+00:00,4,All Topics,4h,data/output_digests/headlines_4h_window_20260225T00_All_Topics_02.md
reserves,bcra | dolar,7,content:2454b7d2ac2de2b3cc67fd094b7aca7e39618973,El dólar en baja y el BCRA sigue de compras,Diario El Día de La Plata,2026-02-24 05:53:00+00:00,,2026-02-24 08:00:00+00:00,2026-02-24 08:00:00+00:00,1,All Topics,4h,data/output_digests/headlines_4h_window_20260224T08_All_Topics_04.md
reserves,dolar | reservas,7,content:9add9b381cf050ea868bd384d02954f9dd576e08,Dólar sub $1.400: por qué Caputo no aprovecha para comprar más reservas,iProfesional,2026-02-23 18:45:00+00:00,,2026-02-24 00:00:00+00:00,2026-02-25 12:00:00+00:00,4,All Topics,4h,data/output_digests/headlines_4h_window_20260224T00_All_Topics_04.md
inflation,inflacion | tipo de cambio,7,content:63220255bd6286f8c5a6bd71e4067adb383fe163,"Cachanosky: ""El tipo de cambio baja y la inflación sube: Argentina está más cara en dólares""",Urgente24,2026-02-23 01:01:00+00:00,,2026-02-23 04:00:00+00:00,2026-02-25 12:00:00+00:00,5,All Topics,4h,data/output_digests/headlines_4h_window_20260223T04_All_Topics_03.md
inflation,dolar | inflacion,7,content:ee8cc047ee12b1b201b82f97369be7c260f310bc,Cuál es la acción argentina que más sube en la bolsa y le gana a dólar e inflación,iProfesional,2026-02-23 00:19:00+00:00,,2026-02-23 04:00:00+00:00,2026-02-25 12:00:00+00:00,5,All Topics,4h,data/output_digests/headlines_4h_window_20260223T04_All_Topics_03.md
reserves,dolar | reservas,7,content:5d61f1d5444bf9f045e4f0be888088af60a609d8,"Reforma laboral, dólar y reservas: los tres frentes que definen la semana del Gobierno de Milei",La Gaceta,2026-02-22 21:13:00+00:00,,2026-02-23 00:00:00+00:00,2026-02-23 12:00:00+00:00,7,All Topics,4h,data/output_digests/headlines_4h_window_20260223T00_All_Topics_03.md
reserves,banco central | dolar | reservas,7,content:040116803205d12dbcee69c5521e1965ed775cb9,Crecen las reservas del Banco Central y baja el dólar: las claves,El Litoral,2026-02-22 19:25:00+00:00,,2026-02-23 00:00:00+00:00,2026-02-23 08:00:00+00:00,3,All Topics,4h,data/output_digests/headlines_4h_window_20260223T00_All_Topics_02.md
reserves,dolar | reservas,7,content:9953f4c3ed6a3ace0ce014dfccce1c3a60397b34,"Alberto Ades, economista de Wall Street: “Argentina necesita un dólar alto para generar empleo de calidad, juntar reservas y abrir la economía""",Clarin.com,2026-02-22 09:01:00+00:00,,2026-02-23 00:00:00+00:00,2026-02-23 00:00:00+00:00,1,All Topics,8h,data/output_digests/headlines_8h_window_20260223T00_All_Topics_01.md
inflation,dolar | inflacion,7,content:7036f75a7e710d619d66d24dbd77169592cccbfc,¿Qué proyectan sobre dólar e inflación los expertos que asesoran al Ministerio de Economía y Finanzas?,Ambito,2026-02-21 14:14:00+00:00,,2026-02-21 20:00:00+00:00,2026-02-21 20:00:00+00:00,1,All Topics,4h,data/output_digests/headlines_4h_window_20260221T20_All_Topics_02.md
rates,dolar | plazo fijo,4,content:499a728a71c0c1f0a00c0170e62d151b3d8f3743,"Con dólar quieto, ¿el PLAZO FIJO vuelve a ser negocio?: el consejo de economistas",iProfesional,2026-02-19 21:18:00+00:00,,2026-02-20 00:00:00+00:00,2026-02-20 08:00:00+00:00,3,All Topics,4h,data/output_digests/headlines_4h_window_20260220T00_All_Topics_08.md
rates,inflacion | tasa de interes,4,content:a198981cbe9e61bcdd4f59da16709cdde1744d6b,La Junta Monetaria en Guatemala recorta la tasa de interés líder a 3.50% tras baja inflación,Infobae,2026-02-19 13:16:00+00:00,,2026-02-19 16:00:00+00:00,2026-02-19 20:00:00+00:00,2,All Topics,4h,data/output_digests/headlines_4h_window_20260219T16_All_Topics_05.md
rates,inflacion | tasas de interes,4,content:5e1994fb17bc54b79fa6fbec7c37bde17c9ecb68,"Funcionarios de la Fed prefieren que baje inflación antes de reducir tasas de interés, revelan actas",Yahoo,2026-02-18 20:11:00+00:00,,2026-02-19 08:00:00+00:00,2026-02-19 12:00:00+00:00,2,All Topics,8h,data/output_digests/headlines_8h_window_20260219T08_All_Topics_04.md
inflation,dolar | inflacion,7,content:179a989d958393f6cd6a5dbd000a062364467ec1,Inflación y dólar en Argentina: qué anticipan las consultoras para los próximos dos años,La Gaceta,2026-02-17 23:38:00+00:00,,2026-02-19 12:00:00+00:00,2026-02-19 12:00:00+00:00,1,All Topics,2day,data/output_digests/headlines_2day_window_20260219T12_All_Topics_02.md
rates,inflacion | tasa de interes,4,content:a51b0d4f34217581d77c713c0f6a7b598ddcc957,Lara López Calvo explica por qué la tasa de interés sigue alta pese a la baja de la inflación,Infobae,2026-02-17 21:43:00+00:00,,2026-02-19 12:00:00+00:00,2026-02-19 12:00:00+00:00,1,All Topics,2day,data/output_digests/headlines_2day_window_20260219T12_All_Topics_02.md
fx,dolar,5,content:d502ddb3710af5ba593fdaca573f8c2f4d5ddd10,Cayó el dólar 20 pesos tras la nueva intervención del Tesoro norteamericano y prometen más ayuda a la Argentina,roadshow.com.ar,2025-10-15 17:54:00+00:00,,2025-10-15 20:00:00+00:00,2025-10-15 20:00:00+00:00,1,All Topics,4h,data/output_digests/headlines_4h_window_20251015T20_All_Topics_07.md
inflation,inflacion,5,content:93ccc9775f1ba5fb086e0d6ac907be2a1b711882,Inflación y cambio de hábitos de consumo: cómo los precios modifican la compra de alimentos en Argentina,Radio Del Plata AM 1030,2025-10-15 17:36:00+00:00,,2025-10-15 20:00:00+00:00,2025-10-15 20:00:00+00:00,1,All Topics,4h,data/output_digests/headlines_4h_window_20251015T20_All_Topics_07.md
fx,dolar,5,content:0d21a76696555436d4b2f4bd41a5995e05edae2f,El dólar borra suba inicial tras una nueva venta del Tesoro de EEUU y vuelve a perforar los $1.400 en Banco Nación,Ambito,2025-10-15 17:26:00+00:00,,2025-10-15 20:00:00+00:00,2025-10-15 20:00:00+00:00,1,All Topics,4h,data/output_digests/headlines_4h_window_20251015T20_All_Topics_07.md
inflation,inflacion,5,content:6930d34c3f4b817054d71e3775c34ed63b65c078,La inflación en Argentina se acelera levemente en la previa electoral,Yahoo Finanzas,2025-10-15 16:20:00+00:00,,2025-10-15 20:00:00+00:00,2025-10-15 20:00:00+00:00,1,All Topics,4h,data/output_digests/headlines_4h_window_20251015T20_All_Topics_06.md
fx,dolar,5,content:0c71b625e68bbba2bc7772b9af655bfe7e266793,Los mercados castigan a Milei El dólar se dispara y los bonos se derrumban tras la humillación de Trump,Periodismo de Izquierda,2025-10-15 15:52:00+00:00,,2025-10-15 20:00:00+00:00,2025-10-15 20:00:00+00:00,1,All Topics,4h,data/output_digests/headlines_4h_window_20251015T20_All_Topics_05.md
fx,dolar,5,content:17f00c149d90fb3e238b2be04ef272a82762b08d,Sube el dólar oficial y repuntan los bonos tras la cumbre Milei-Trump,La Nueva Provincia,2025-10-15 15:14:00+00:00,,2025-10-15 15:00:00+00:00,2025-10-15 15:00:00+00:00,1,All Topics,1h,data/output_digests/headlines_1h_window_20251015T15_All_Topics_01.md
fx,dolar,5,content:eedc03c4d0519087746fd20a2c56834c3a9f5647,El dólar supera los $1.400 en el Banco Nación y sube fuerte el blue tras la advertencia de Donald Trump,Ambito,2025-10-15 15:00:00+00:00,,2025-10-15 15:00:00+00:00,2025-10-15 15:00:00+00:00,1,All Topics,1h,data/output_digests/headlines_1h_window_20251015T15_All_Topics_01.md
fx,dolar,5,content:202eadb124897d2b4c306416135c0f06f58ae80a,Dólar hoy en vivo: en el Banco Nación sube a $1.395 para la venta,Infobae,2025-10-15 14:32:00+00:00,,2025-10-15 20:00:00+00:00,2025-10-15 20:00:00+00:00,1,All Topics,4h,data/output_digests/headlines_4h_window_20251015T20_All_Topics_04.md
fx,dolar,5,content:d703e4f24bff1f31b1946ac02b33ea15a644db61,Licitación y el dólar en la mira: un nuevo test de confianza para Luis Caputo,Ambito,2025-10-15 14:00:00+00:00,,2025-10-15 20:00:00+00:00,2025-10-15 20:00:00+00:00,1,All Topics,4h,data/output_digests/headlines_4h_window_20251015T20_All_Topics_03.md
fx,dolar,5,content:289072cb98fb7b5582fa12c647869d7919c00f37,El dólar vuelve al alza tras el discurso de Donald Trump que perjudica a Milei,El Cronista,2025-10-15 13:54:00+00:00,,2025-10-15 16:00:00+00:00,2025-10-15 16:00:00+00:00,1,All Topics,4h,data/output_digests/headlines_4h_window_20251015T16_All_Topics_05.md
fx,dolar,5,content:796ec9573b7766bad85748d349db350f82a49b91,Morgan Stanley le puso un nuevo valor al dólar si Milei gana las elecciones,BAE Negocios,2025-10-15 12:54:00+00:00,,2025-10-15 16:00:00+00:00,2025-10-15 16:00:00+00:00,1,All Topics,4h,data/output_digests/headlines_4h_window_20251015T16_All_Topics_04.md
inflation,dolar | inflacion,7,content:dd427d9977adb87f2c065fdac5ca8ec4f0980a94,"Ni inflación ni dólar: esta debe ser la ""prioridad"" de Milei tras las elecciones, según este economista",El Cronista,2025-10-14 19:06:00+00:00,,2025-10-15 00:00:00+00:00,2025-10-15 00:00:00+00:00,1,All Topics,4h,data/output_digests/headlines_4h_window_20251015T00_All_Topics_03.md
rates,plazo fijo | tasas de interes,5,content:67a8741f630fcfe9df02be051e301c810860410b,Banco Nación aumentó las tasas de interés del plazo fijo: cuánto gano si invierto hoy $1.000.000 a 30 días,Ambito,2025-10-14 15:34:00+00:00,,2025-10-14 20:00:00+00:00,2025-10-14 20:00:00+00:00,1,All Topics,4h,data/output_digests/headlines_4h_window_20251014T20_All_Topics_06.md
reserves,banco central | dolar,7,content:f3d2574de564535d8a27eb5d9be3e5bca7f09c7b,Dólar: un director del Banco Central reveló qué pasará después de las elecciones,El Cronista,2025-10-14 13:38:00+00:00,,2025-10-14 16:00:00+00:00,2025-10-14 20:00:00+00:00,2,All Topics,4h,data/output_digests/headlines_4h_window_20251014T16_All_Topics_06.md
reserves,bcra | dolar | reservas,7,content:e48d1d0ad4a5533046067df3d0f2931534638316,Dólar en caída: por qué Caputo sigue con miedo a fortalecer reservas del BCRA,iProfesional,2025-10-14 09:58:00+00:00,,2025-10-14 16:00:00+00:00,2025-10-14 16:00:00+00:00,1,All Topics,4h,data/output_digests/headlines_4h_window_20251014T16_All_Topics_01.md
reserves,banco central | dolar | reservas,7,content:3ea2139904828dbb7e491e4f27a5916be09f1c80,El dólar blue se desplomó en el cierre de este 13 de octubre y aumentaron las reservas del Banco Central,Perfil,2025-10-13 20:21:00+00:00,,2025-10-14 00:00:00+00:00,2025-10-14 08:00:00+00:00,3,All Topics,4h,data/output_digests/headlines_4h_window_20251014T00_All_Topics_05.md
reserves,bcra | dolar,7,content:ecc413036fb1f4f38ffe8392b965b3e57b3cee8b,"Dólar MEP, oficial: cómo invertir tras medida anti rulo del BCRA",iProUP,2025-10-12 06:01:00+00:00,,2025-10-12 16:00:00+00:00,2025-10-12 16:00:00+00:00,1,All Topics,8h,data/output_digests/headlines_8h_window_20251012T16_All_Topics_03.md
rates,banco central | tasa de interes,7,content:2549f09ca38843100d3603c243990ee2aa211db2,"El Banco Central de Reserva de Perú mantiene la tasa de interés en 4,25 %",Infobae,2025-10-12 02:46:00+00:00,,2025-10-12 08:00:00+00:00,2025-10-12 16:00:00+00:00,3,All Topics,4h,data/output_digests/headlines_4h_window_20251012T08_All_Topics_01.md
rates,banco central | tasa de interes,7,content:b8ec618d9485da3ece53996f8602098e71e5400f,"Banco Central de Reserva del Perú mantiene la tasa de interés de referencia en 4,25%",Infobae,2025-10-11 00:30:00+00:00,,2025-10-11 04:00:00+00:00,2025-10-11 16:00:00+00:00,4,All Topics,4h,data/output_digests/headlines_4h_window_20251011T04_All_Topics_04.md
inflation,dolar | inflacion,7,content:3139944722c0785d4d2cc8a470b8138fdc8f34da,"Las claves de la intervención de Estados Unidos: qué significa para el dólar, la inflación y Javier Milei",Diario Río Negro,2025-10-10 14:36:00+00:00,,2025-10-10 20:00:00+00:00,2025-10-10 20:00:00+00:00,1,All Topics,4h,data/output_digests/headlines_4h_window_20251010T20_All_Topics_03.md
rates,banco central | tasa de interes,7,content:8b53a992f23681dc3cebad716b5ebab4d383dde7,"Banco Central Perú mantiene tasa de interés en 4,25%",La Nación,2025-10-09 23:30:00+00:00,,2025-10-10 04:00:00+00:00,2025-10-11 12:00:00+00:00,3,All Topics,4h,data/output_digests/headlines_4h_window_20251010T04_All_Topics_05.md
inflation,ipc | salarios,7,content:50f4a38f400c23dc60d0a945ae477dc9660ac0d9,El nuevo IPC muestra que los salarios registrados acumulan una caída real del 11% bajo la gestión de Javier Milei,La Gaceta,2025-10-06 22:08:00+00:00,,2025-10-07 04:00:00+00:00,2025-10-07 08:00:00+00:00,2,All Topics,4h,data/output_digests/headlines_4h_window_20251007T04_All_Topics_04.md
reserves,banco central | dolar | inflacion,9,content:27addc71ffb48bf7c845da6969155f2d4bdfb7ee,A cuánto estarán la inflación y el dólar a fin de año según las consultoras que releva el Banco Central,Perfil,2025-10-06 21:46:00+00:00,,2025-10-07 00:00:00+00:00,2025-10-07 08:00:00+00:00,3,All Topics,4h,data/output_digests/headlines_4h_window_20251007T00_All_Topics_07.md
inflation,ipc | salarios,7,content:6a89788d8cef40d8f90927e9d481311ab7397b3a,"Los salarios formales caen 11% en términos reales desde el inicio del gobierno de Javier Milei, según el nuevo IPC",C5N,2025-10-06 21:43:00+00:00,,2025-10-07 00:00:00+00:00,2025-10-07 00:00:00+00:00,1,All Topics,4h,data/output_digests/headlines_4h_window_20251007T00_All_Topics_07.md
reserves,bcra | dolar | inflacion,9,content:5228c2ae5463ee53431777c60269a2803d910b7b,Las nuevas proyecciones de los analistas del REM del BCRA para el dólar y la inflación en lo que queda de 2025,TN,2025-10-06 21:14:00+00:00,,2025-10-07 04:00:00+00:00,2025-10-07 08:00:00+00:00,2,All Topics,4h,data/output_digests/headlines_4h_window_20251007T04_All_Topics_02.md
inflation,ipc | salarios,7,content:9ba03321ebf4a5670e70658c4c1e3388dfe92257,"Con el nuevo IPC, los salarios registrados acumulan una caída real del 11% bajo la gestión de Javier Milei",Ambito,2025-10-06 20:50:00+00:00,,2025-10-07 00:00:00+00:00,2025-10-08 12:00:00+00:00,4,All Topics,4h,data/output_digests/headlines_4h_window_20251007T00_All_Topics_05.md
inflation,inflacion | salarios,7,content:02d22beee41904bbc223586b4ef2c62eb5048967,La construcción con salarios por debajo de la inflación: la UOCRA sigue la pauta del Gobierno nacional,NEA HOY,2025-10-04 15:03:00+00:00,,2025-10-05 00:00:00+00:00,2025-10-06 12:00:00+00:00,2,All Topics,8h,data/output_digests/headlines_8h_window_20251005T00_All_Topics_02.md
inflation,dolar | inflacion,7,content:8d01bf6c73520d82c2650904eb7bf6de3cbc634a,Ni por la inflación ni por el dólar: ¿Por qué los autos no paran de subir en Argentina?,RTS Medios,2025-10-04 11:02:00+00:00,,2025-10-05 00:00:00+00:00,2025-10-06 12:00:00+00:00,2,All Topics,8h,data/output_digests/headlines_8h_window_20251005T00_All_Topics_01.md
inflation,inflacion | salarios,7,content:248e956c688f637ee4123b4e517eaccc517db741,Salarios vs inflación: quiénes fueron los ganadores y perdedores en lo que va de la gestión Milei,Infobae,2025-10-02 14:54:00+00:00,,2025-10-02 20:00:00+00:00,2025-10-06 12:00:00+00:00,3,All Topics,4h,data/output_digests/headlines_4h_window_20251002T20_All_Topics_03.md
rates,tasa de interes,5,content:d248549e7fb9824f0529bcba99feb7bb47de7710,Retenciones cero: cerealeras y productores pelean por la tasa de interés del financiamiento a Toto Caputo,Letra P,2025-10-01 18:58:00+00:00,,2025-10-02 00:00:00+00:00,2025-10-02 08:00:00+00:00,2,All Topics,4h,data/output_digests/headlines_4h_window_20251002T00_All_Topics_03.md
reserves,bcra | dolar,7,content:3235dc14739d8478d8d13f932e3d40c4ba38c19a,Qué dijo el presidente del BCRA sobre el corte abrupto de la venta de dólar oficial en las principales billeteras virtuales,Infobae,2025-09-30 22:17:00+00:00,,2025-10-02 12:00:00+00:00,2025-10-06 12:00:00+00:00,2,All Topics,2day,data/output_digests/headlines_2day_window_20251002T12_All_Topics_03.md
reserves,bcra | dolar,7,content:540981df23dcfddd6c86b864e2a8f51edc783d54,Intervención en futuros de dólar del BCRA para contener al mercado: a cuánto llegó,El Cronista,2025-09-30 22:17:00+00:00,,2025-10-02 12:00:00+00:00,2025-10-02 12:00:00+00:00,1,All Topics,2day,data/output_digests/headlines_2day_window_20251002T12_All_Topics_03.md
fx,dolar,5,content:2645f6fd6b458027d50e36e07e5f499aae3e6066,Toto Caputo tuvo que vender divisas de las cerealeras y ponerle cepo a Marcos Galperin para calmar al dólar,Letra P,2025-09-30 21:53:00+00:00,,2025-10-01 00:00:00+00:00,2025-10-01 00:00:00+00:00,1,All Topics,4h,data/output_digests/headlines_4h_window_20251001T00_All_Topics_07.md
reserves,banco central | dolar,7,content:bf2ac08dfd6ec67a0ecb29f99bdbe45ddc09ead8,Las billeteras virtuales no podrán vender dólar oficial: qué dijo el Banco Central,Perfil,2025-09-30 21:53:00+00:00,,2025-10-01 00:00:00+00:00,2025-10-01 00:00:00+00:00,1,All Topics,4h,data/output_digests/headlines_4h_window_20251001T00_All_Topics_07.md
reserves,bcra | dolar,7,content:b8469ca716cc845c188957c1a0b699d64ba9220a,Billeteras virtuales frenaron la venta de dólar oficial y el BCRA negó cambios en la normativa,roadshow.com.ar,2025-09-30 21:38:00+00:00,,2025-10-01 00:00:00+00:00,2025-10-01 00:00:00+00:00,1,All Topics,4h,data/output_digests/headlines_4h_window_20251001T00_All_Topics_07.md
reserves,bcra | dolar,7,content:0117f45e6179b8a9fdea4bc15172d97c7a295438,Las billeteras virtuales frenaron la venta del dólar oficial y el BCRA tuvo que salir a negar cambios normativos,Ambito,2025-09-30 21:30:00+00:00,,2025-10-01 00:00:00+00:00,2025-10-01 00:00:00+00:00,1,All Topics,4h,data/output_digests/headlines_4h_window_20251001T00_All_Topics_06.md
fx,dolar,5,content:10ea0c3a1b1a3becd810514416948fc73261e7f5,"Tras declaraciones de Milei para calmar a los mercados, el dólar cerró el mes con aumento",Diario Digital Conclusión,2025-09-30 20:55:00+00:00,,2025-10-01 00:00:00+00:00,2025-10-01 00:00:00+00:00,1,All Topics,4h,data/output_digests/headlines_4h_window_20251001T00_All_Topics_05.md
fx,dolar,5,content:aec22888e6f3211ccf2c45a391526ea6e71993d3,Dólar hoy: cotizaciones actualizadas en Argentina al cierre del martes 30 de septiembre 2025,Diario Río Negro,2025-09-30 19:00:00+00:00,,2025-10-01 00:00:00+00:00,2025-10-01 00:00:00+00:00,1,All Topics,4h,data/output_digests/headlines_4h_window_20251001T00_All_Topics_03.md
inflation,dolar | inflacion,7,content:80c48bc8c491ce28479a0f59c01ea0ff10a195c6,Luis Caputo mató el rulo del dólar y un banco fundado hace 152 años activó una tasa que aplasta a la inflación,Agencia Noticias Argentinas,2025-09-30 16:50:00+00:00,,2025-09-30 20:00:00+00:00,2025-10-01 00:00:00+00:00,2,All Topics,4h,data/output_digests/headlines_4h_window_20250930T20_All_Topics_06.md
fx,dolar,5,content:e522c40b636bf30f59c559b7a1c4fe36acf19741,"El consejo bomba sobre el dólar que Fausto Spotorno le dio a Milei: ""Va a tener que...""",El Cronista,2025-09-30 16:11:00+00:00,,2025-09-30 20:00:00+00:00,2025-09-30 20:00:00+00:00,1,All Topics,4h,data/output_digests/headlines_4h_window_20250930T20_All_Topics_05.md
fx,dolar,5,content:970992ca261435b22ce10f399e6ae2c27611fb80,"Caputo sale a frenar el dólar, en medio de presiones internacionales al Tesoro para que no rescate a la Argentina",La Política Online,2025-09-30 16:08:00+00:00,,2025-09-30 20:00:00+00:00,2025-09-30 20:00:00+00:00,1,All Topics,4h,data/output_digests/headlines_4h_window_20250930T20_All_Topics_05.md
fx,dolar,5,content:89f8801ffa9083ebdd937127f9eeb47f75e06072,Dólar en Argentina: a cuánto cotizan el blue y oficial este martes,Mirador Provincial,2025-09-30 15:23:00+00:00,,2025-09-30 20:00:00+00:00,2025-09-30 20:00:00+00:00,1,All Topics,4h,data/output_digests/headlines_4h_window_20250930T20_All_Topics_04.md
fx,dolar,5,content:1c76df2e0f425b8f34d2999e16aa2cce54b21014,Dólar hoy: en el Banco Nación subió a $1.400 y reaparecieron las posturas de venta oficiales en el mercado,Infobae,2025-09-30 14:02:00+00:00,,2025-09-30 20:00:00+00:00,2025-09-30 20:00:00+00:00,1,All Topics,4h,data/output_digests/headlines_4h_window_20250930T20_All_Topics_02.md
fx,dolar,5,content:c07453c4b4868dfae2bc03f9bb9294f85f4528ed,Dólar hoy: cotizaciones actualizadas en Argentina al inicio del martes 30 de septiembre 2025,Diario Río Negro,2025-09-30 11:00:00+00:00,,2025-09-30 16:00:00+00:00,2025-09-30 16:00:00+00:00,2,All Topics,4h,data/output_digests/headlines_4h_window_20250930T16_All_Topics_02.md
fx,brecha cambiaria,5,content:fc49d680aa441cfd89d9a4bb1790b0a1b2a0ae4a,Caputo revivió la brecha cambiaria y economistas alertan por sus efectos negativos,Perfil,2025-09-29 23:45:00+00:00,,2025-09-30 04:00:00+00:00,2025-09-30 04:00:00+00:00,1,All Topics,4h,data/output_digests/headlines_4h_window_20250930T04_All_Topics_05.md
inflation,inflacion | salarios,7,content:a293bb943e850edae1cf6bf2f7fc3f7ad8bc2b5f,Salarios vs inflación en julio 2025: cuánto crecieron según el INDEC y qué sectores ganaron,Blog del Contador,2025-09-26 16:03:00+00:00,,2025-09-26 20:00:00+00:00,2025-09-28 12:00:00+00:00,4,All Topics,4h,data/output_digests/headlines_4h_window_20250926T20_All_Topics_05.md
inflation,inflacion | salarios,7,content:5aa809f1aa738b035190272385d96258b757478c,"Para el INDEC, los salarios crecieron 2,2% en julio y lograron ganarle a la inflación",NoticiasNQN,2025-09-26 11:47:00+00:00,,2025-09-26 16:00:00+00:00,2025-09-28 12:00:00+00:00,3,All Topics,4h,data/output_digests/headlines_4h_window_20250926T16_All_Topics_03.md
inflation,inflacion | salarios,7,content:d9ee6512a57983351179b9f9c5f00f70cb215023,"Para el INDEC, los salarios crecieron más que la inflación",Tiempo de San Juan,2025-09-26 01:00:00+00:00,,2025-09-26 04:00:00+00:00,2025-09-26 16:00:00+00:00,3,All Topics,4h,data/output_digests/headlines_4h_window_20250926T04_All_Topics_08.md
inflation,inflacion | salarios,7,content:8699a5b7327a368b007ff4bff3a98770c2f0bc35,"Los salarios registrados subieron 2,2% en julio y le ganaron a la inflación, según el Indec",Mundo Gremial,2025-09-25 23:12:00+00:00,,2025-09-26 04:00:00+00:00,2025-09-27 12:00:00+00:00,2,All Topics,4h,data/output_digests/headlines_4h_window_20250926T04_All_Topics_06.md
inflation,inflacion | salarios,7,content:6a0359593702a4a42dd9d32a4ac2015199170675,"Salarios en Argentina aumentaron más que la inflación en julio, según el Indec",bloomberglinea.com,2025-09-25 21:21:00+00:00,,2025-09-26 00:00:00+00:00,2025-09-27 12:00:00+00:00,3,All Topics,4h,data/output_digests/headlines_4h_window_20250926T00_All_Topics_07.md
inflation,inflacion | sueldos,7,content:f036a56633cd59db9291b65285bb563b311b2fc6,"Los sueldos registrados subieron 2,2% en julio y lograron superar a la inflación, según el Indec",Los Andes,2025-09-25 20:49:00+00:00,,2025-09-26 08:00:00+00:00,2025-09-26 08:00:00+00:00,1,All Topics,8h,data/output_digests/headlines_8h_window_20250926T08_All_Topics_05.md
inflation,inflacion | salarios,7,content:36c3242abf7c9d3f7e9de2bba3ebb690e8b3e52f,"Según el INDEC, hasta julio los salarios le ganaron a la inflación en el año",Mendoza Post,2025-09-25 20:30:00+00:00,,2025-09-26 00:00:00+00:00,2025-09-26 08:00:00+00:00,3,All Topics,4h,data/output_digests/headlines_4h_window_20250926T00_All_Topics_06.md
inflation,inflacion | salarios,7,content:2023dc1512b6a2f5bca88fdc54710ce3d5439df2,Los salarios le ganaron a la inflación en julio según el INDEC,Perfil,2025-09-25 19:52:00+00:00,,2025-09-26 00:00:00+00:00,2025-09-27 12:00:00+00:00,4,All Topics,4h,data/output_digests/headlines_4h_window_20250926T00_All_Topics_05.md
inflation,inflacion | salarios,7,content:26ee7c6483c5a1a88be6a8181e6f6185438cf9e8,"INDEC: los salarios subieron un 2,5% en julio y volvieron a ganarle a la inflación",C5N,2025-09-25 19:14:00+00:00,,2025-09-26 00:00:00+00:00,2025-09-26 12:00:00+00:00,3,All Topics,4h,data/output_digests/headlines_4h_window_20250926T00_All_Topics_03.md
rates,banco central | dolar | tasa de interes,9,content:2773f72999d7eabfc7b070cb73be85c620383c28,El Banco Central recortó la tasa de interés al 25% tras la baja del dólar,fm105punto1.com.ar,2025-09-24 22:41:00+00:00,,2025-09-25 04:00:00+00:00,2025-09-25 04:00:00+00:00,1,All Topics,4h,data/output_digests/headlines_4h_window_20250925T04_All_Topics_04.md
rates,banco central | dolar | tasas de interes,9,content:f97aba15d1d49cfe8199f2d97ebb5ec78572a6f9,Baja el dólar: el Banco Central reduce las tasas de interés del 35% al 25%,Los Andes,2025-09-24 16:46:00+00:00,,2025-09-25 00:00:00+00:00,2025-09-25 00:00:00+00:00,1,All Topics,4h,data/output_digests/headlines_4h_window_20250925T00_All_Topics_01.md
rates,banco central | dolar | tasas de interes,9,content:4e49edc266cdb6b698e7847ba6972c0eabc4dfde,"Tras la baja del dólar, el Banco Central recorta de 35 a 25% las tasas de interés",Clarin.com,2025-09-24 14:55:00+00:00,,2025-09-24 20:00:00+00:00,2025-09-26 12:00:00+00:00,3,All Topics,4h,data/output_digests/headlines_4h_window_20250924T20_All_Topics_03.md
rates,bcra | dolar | tasa de interes,9,content:43d7b3cb7d146154b7a4b8051767f6c8cab6a98c,Frenen al dólar: el BCRA subió fuerte la tasa de interés para sumarse a los mega anuncios del Gobierno,El Cronista,2025-09-22 19:33:00+00:00,,2025-09-23 00:00:00+00:00,2025-09-24 12:00:00+00:00,3,All Topics,4h,data/output_digests/headlines_4h_window_20250923T00_All_Topics_03.md
reserves,bcra | dolar | inflacion,9,content:d0a1188ddaf63ad9a5e4230455bf32f39eeec9f3,"Dólar: qué vaticina el ""gurú del blue"" para las tasas y la inflación con la última jugada del BCRA",Ambito,2025-09-22 12:46:00+00:00,,2025-09-22 16:00:00+00:00,2025-09-23 00:00:00+00:00,2,All Topics,4h,data/output_digests/headlines_4h_window_20250922T16_All_Topics_04.md
rates,banco central | inflacion | tasa de interes,9,content:7a1a6a4dc728483c899276b609bd5a746bfa9458,Banco Central de Brasil mantiene la tasa de interés en el 15%; la inflación sigue bajando,bloomberglinea.com,2025-09-17 21:57:00+00:00,,2025-09-18 00:00:00+00:00,2025-09-18 04:00:00+00:00,2,All Topics,4h,data/output_digests/headlines_4h_window_20250918T00_All_Topics_08.md
fx,dolar,2,content:39bd8d09a2783aad8e273cb41bdff238dc0215c3,Advierten que podría haber más presiones sobre el dólar antes de las elecciones,La Nación,2025-08-31 22:56:00+00:00,,2025-09-01 04:00:00+00:00,2025-09-01 12:00:00+00:00,3,All Topics,4h,data/output_digests/headlines_4h_window_20250901T04_All_Topics_02.md
fx,dolar,2,content:1a015b11300ea06d1b4737b3f6dc2ac38540a7f1,El Gobierno apela a una batería de estrategias para controlar al dólar en la previa de las elecciones bonaerenses,Clarin.com,2025-08-31 22:38:00+00:00,,2025-09-01 04:00:00+00:00,2025-09-01 12:00:00+00:00,3,All Topics,4h,data/output_digests/headlines_4h_window_20250901T04_All_Topics_02.md
fx,dolar,5,content:9f1cdf8fd037f0c8920320e0ef96a306337a65ba,"Luis Caputo no solo interviene en el dólar futuro, también vende dólares del Tesoro para tranquilizar la plaza",Clarin.com,2025-08-31 21:44:00+00:00,,2025-09-01 00:00:00+00:00,2025-09-01 12:00:00+00:00,4,All Topics,4h,data/output_digests/headlines_4h_window_20250901T00_All_Topics_02.md
inflation,dolar | inflacion,4,content:ed879f62521bf007487cd090ae7821c925f4f759,"Inflación de agosto: qué esperan las consultoras, tras el salto del dólar y ruido político",iProfesional,2025-08-31 21:00:00+00:00,,2025-09-01 00:00:00+00:00,2025-09-02 12:00:00+00:00,2,All Topics,4h,data/output_digests/headlines_4h_window_20250901T00_All_Topics_02.md
fx,dolar,2,content:1ae56a7675c415cca27586011279a26eaf03d263,Se despide el dólar: quedan prohibidas las operaciones en una decena de países y tiembla EE.UU,El Cronista,2025-08-31 20:28:00+00:00,,2025-09-01 00:00:00+00:00,2025-09-01 00:00:00+00:00,1,All Topics,4h,data/output_digests/headlines_4h_window_20250901T00_All_Topics_02.md
rates,dolar | tasas de interes,4,content:a43a2474da60af5c53632a33e61119f2a1a80e6f,Suba de tasas de interés: el contundente análisis del gurú del dólar,BAE Negocios,2025-08-31 20:24:00+00:00,,2025-09-01 00:00:00+00:00,2025-09-01 04:00:00+00:00,2,All Topics,4h,data/output_digests/headlines_4h_window_20250901T00_All_Topics_02.md
rates,dolar | plazo fijo,4,content:2f0a1d26341dfd1c354edb633f85fd457cf48732,Dólar vs. plazo fijo: cuál fue la inversión ganadora en agosto,BAE Negocios,2025-08-31 20:24:00+00:00,,2025-09-01 00:00:00+00:00,2025-09-01 00:00:00+00:00,1,All Topics,4h,data/output_digests/headlines_4h_window_20250901T00_All_Topics_02.md
fx,dolar,2,content:c9ffedb64e2d79def2a5e85ff792267f10bf25f4,"Mario Grinman, presidente de la Cámara de Comercio: “El dólar no está atrasado”",Infobae,2025-08-31 19:37:00+00:00,,2025-09-01 00:00:00+00:00,2025-09-01 12:00:00+00:00,3,All Topics,4h,data/output_digests/headlines_4h_window_20250901T00_All_Topics_01.md
fx,dolar,2,content:fa4266cce076319ba96c8389316198bdd750920b,"Carlos Melconian y un pronóstico inquietante sobre el dólar: ""Es insostenible""",Sitio Andino,2025-08-31 18:36:00+00:00,,2025-09-01 00:00:00+00:00,2025-09-01 00:00:00+00:00,2,All Topics,4h,data/output_digests/headlines_4h_window_20250901T00_All_Topics_01.md
inflation,inflacion,2,content:832d652403cb2a2ed486156a37c666f4202ebd06,"Expectativas de inflación: los argentinos proyectan 39,6% para los próximos 12 meses",Economis,2025-08-31 18:35:00+00:00,,2025-09-01 00:00:00+00:00,2025-09-01 00:00:00+00:00,2,All Topics,4h,data/output_digests/headlines_4h_window_20250901T00_All_Topics_01.md
fx,dolar,2,content:46dd962d07c4ce7d2b313cc26ca43a14eb50504a,Dólar oficial a $1360: las razones del repunte y las recomendaciones de Fausto Spotorno para cubrirse,La Gaceta,2025-08-31 17:32:00+00:00,,2025-08-31 20:00:00+00:00,2025-09-01 00:00:00+00:00,3,All Topics,4h,data/output_digests/headlines_4h_window_20250831T20_All_Topics_02.md
rates,dolar | tasa de interes,4,content:9e35a0469652337f1df837d85d86b5cf9c0df3bf,El freno al dólar maquilló un agosto marcado por la tasa de interés y el estancamiento económico,MSN,2025-08-31 12:20:00+00:00,,2025-08-31 16:00:00+00:00,2025-08-31 16:00:00+00:00,1,All Topics,4h,data/output_digests/headlines_4h_window_20250831T16_All_Topics_02.md
inflation,inflacion,2,content:deea47fed57739d14eaed97f1ac3435e4edbf619,El Gobierno volvió a subsidiar la luz y el gas a las familias de altos ingresos para contener la inflación en plena campaña,TN,2025-08-31 08:07:00+00:00,,2025-09-01 12:00:00+00:00,2025-09-02 12:00:00+00:00,2,All Topics,2day,data/output_digests/headlines_2day_window_20250901T12_All_Topics_04.md
inflation,dolar | inflacion,4,content:1eafacb8ac477b97fd52144090c51b089369308d,La inflación de agosto se mantendría cerca del 2%: los motivos que explican el escaso traslado a precios pese al avance del dólar,Mnews,2025-08-31 04:19:00+00:00,,2025-08-31 16:00:00+00:00,2025-08-31 16:00:00+00:00,1,All Topics,8h,data/output_digests/headlines_8h_window_20250831T16_All_Topics_02.md
inflation,dolar | inflacion,4,content:a828ce31a3c361d6aeef14711b049a5c2b2aab0e,"Menor traslado a precios: pese a la suba del dólar y los alimentos, la inflación de agosto se mantendría cerca del 2 por ciento",Infobae,2025-08-31 00:03:00+00:00,,2025-08-31 04:00:00+00:00,2025-09-02 12:00:00+00:00,6,All Topics,4h,data/output_digests/headlines_4h_window_20250831T04_All_Topics_03.md
rates,dolar | inflacion | tasas de interes,6,content:f346f9998d1095efc68f53fc788c60ab2e5bc3cb,Inflación de agosto: ¿qué índice calculan las consultoras tras las subas del dólar y tasas de interés?,La Ventana San Rafael,2025-08-30 21:11:00+00:00,,2025-08-31 04:00:00+00:00,2025-09-01 12:00:00+00:00,4,All Topics,4h,data/output_digests/headlines_4h_window_20250831T04_All_Topics_01.md
fx,dolar,5,content:e77d8eb15852f3ab5b5a288554d8b0e1dbdc80e8,Precio confirmado del dólar en Banco Nación para el 1° de septiembre,iProfesional,2025-08-30 20:42:00+00:00,,2025-08-31 04:00:00+00:00,2025-08-31 08:00:00+00:00,2,All Topics,4h,data/output_digests/headlines_4h_window_20250831T04_All_Topics_01.md
inflation,dolar | inflacion,4,content:eb0b8a9077318f86c4e1ecacc26b65c2a14fe01e,"Dólar, plazos fijos e inflación: qué le hizo ganar más dinero a los ahorristas en agosto",Infobae,2025-08-30 16:55:00+00:00,,2025-08-30 16:00:00+00:00,2025-09-01 12:00:00+00:00,4,All Topics,1h,data/output_digests/headlines_1h_window_20250830T16_All_Topics_01.md
fx,dolar,5,content:31cda1ddb8585f06a3dad5de5768bb07847c2e34,"Luis Caputo frena al dólar, pero paga un alto costo en la economía",La Gaceta,2025-08-29 23:03:00+00:00,,2025-08-31 12:00:00+00:00,2025-08-31 12:00:00+00:00,1,All Topics,2day,data/output_digests/headlines_2day_window_20250831T12_All_Topics_05.md
inflation,inflacion,5,content:56c35bb3fdb5a9bb7bdb702a1762968eaae52490,"Inflación en Argentina: los alimentos subieron 3% en agosto, según un relevamiento privado",La Gaceta,2025-08-29 22:52:00+00:00,,2025-08-31 12:00:00+00:00,2025-08-31 12:00:00+00:00,1,All Topics,2day,data/output_digests/headlines_2day_window_20250831T12_All_Topics_05.md
reserves,banco central | dolar,7,content:edfaa5673a8338b9a33a8b0b30024b865d2904d4,El Banco Central aprieta más a los bancos para contener al dólar | El torniquete de Caputo y Bausili,Página | 12,2025-08-29 22:39:00+00:00,,2025-08-31 12:00:00+00:00,2025-08-31 12:00:00+00:00,1,All Topics,2day,data/output_digests/headlines_2day_window_20250831T12_All_Topics_05.md
inflation,inflacion,5,content:88ca4b0f86a874c2fd29ffd60cfb64349e2c1a07,Septiembre llega con aumentos que presionan la inflación en Argentina - Diario El Norte,Diario El Norte - San Nicolás,2025-08-29 21:29:00+00:00,,2025-08-31 12:00:00+00:00,2025-08-31 12:00:00+00:00,1,All Topics,2day,data/output_digests/headlines_2day_window_20250831T12_All_Topics_05.md
reserves,banco central | dolar,7,content:557ad60412e2301daa909059fe30c0fe763c818c,Apretón cambiario: el Banco Central endureció los controles sobre los bancos para dominar el dólar,Perfil,2025-08-29 21:28:00+00:00,,2025-08-31 12:00:00+00:00,2025-08-31 12:00:00+00:00,1,All Topics,2day,data/output_digests/headlines_2day_window_20250831T12_All_Topics_04.md
inflation,inflacion,5,content:1d0f0e72f703228740a88794a3d639152c3ee40e,Inflación Argentina,Economis,2025-08-29 20:41:00+00:00,,2025-08-31 12:00:00+00:00,2025-08-31 12:00:00+00:00,1,All Topics,2day,data/output_digests/headlines_2day_window_20250831T12_All_Topics_04.md
inflation,dolar | inflacion,7,content:493183dd9593e7c8ca157945da5f2084bf19dbeb,Caputo y Milei acumulan pólvora para contener la inflación y el dólar,Izquierda Web,2025-08-29 20:19:00+00:00,,2025-08-31 12:00:00+00:00,2025-08-31 12:00:00+00:00,1,All Topics,2day,data/output_digests/headlines_2day_window_20250831T12_All_Topics_04.md
reserves,bcra | dolar,7,content:7db11386522e521a7d8580520606f7f71a5785be,El BCRA endurece una norma que afecta a los bancos para contener la presión sobre el dólar,La Nación,2025-08-29 15:15:00+00:00,,2025-08-31 12:00:00+00:00,2025-08-31 12:00:00+00:00,1,All Topics,2day,data/output_digests/headlines_2day_window_20250831T12_All_Topics_03.md
reserves,bcra | dolar,7,content:9eb85385f66b68567b1d12bbfe697d8d809c721c,BCRA lanza más controles a bancos para contener el dólar y busca recuperar margen de intervención en futuros,Ambito,2025-08-29 14:01:00+00:00,,2025-08-31 12:00:00+00:00,2025-08-31 12:00:00+00:00,1,All Topics,2day,data/output_digests/headlines_2day_window_20250831T12_All_Topics_02.md
reserves,bcra | dolar,7,content:b21bfd46165369d7614debb02308a57ce8e4d754,Nueva norma para contener el dólar: el BCRA limitó los movimientos de los bancos en un día de grandes vencimientos de futuros,Infobae,2025-08-29 13:57:00+00:00,,2025-08-31 12:00:00+00:00,2025-08-31 12:00:00+00:00,1,All Topics,2day,data/output_digests/headlines_2day_window_20250831T12_All_Topics_02.md
reserves,banco central | dolar,7,content:b3d46b445aa25f470faabcdad656ff7aed4aebad,Banco Central endurece el control al dólar: qué cambia desde hoy,Clarin.com,2025-08-29 13:19:00+00:00,,2025-08-31 12:00:00+00:00,2025-08-31 12:00:00+00:00,1,All Topics,2day,data/output_digests/headlines_2day_window_20250831T12_All_Topics_02.md
rates,inflacion | tasas de interes,7,content:0f245920cc93d457bab7db9f7a823226f3c6ec02,Pymes en alerta por tasas de interés que duplican la inflación proyectada en Argentina,bloomberglinea.com,2025-08-29 09:09:00+00:00,,2025-08-31 12:00:00+00:00,2025-08-31 12:00:00+00:00,1,All Topics,2day,data/output_digests/headlines_2day_window_20250831T12_All_Topics_02.md
fx,dolar,5,uid:719b0e961e,Jornada cambiaria: el dólar blue retrocedió y el oficial trepó a $1.205 en el Banco Nación,La Gaceta,,719b0e961e,2025-06-26 00:00:00+00:00,2025-06-26 00:00:00+00:00,1,Tipo de Cambio y Reservas,4h,data/output_digests/headlines_4h_window_20250626T00_Tipo_de_Cambio_y_Reservas_01.md
fx,dolar,5,uid:7e5b911e9b,"Jornada financiera: el dólar superó los $1.200 en el Banco Nación, con mucho volumen en el mercado",Infobae,,7e5b911e9b,2025-06-26 00:00:00+00:00,2025-06-26 00:00:00+00:00,1,Tipo de Cambio y Reservas,4h,data/output_digests/headlines_4h_window_20250626T00_Tipo_de_Cambio_y_Reservas_02.md
fx,dolar,5,uid:089ed769e2,Dólar hoy en vivo: subió a $1.205 en el Banco Nación y el blue bajó a $1.210,Infobae,,089ed769e2,2025-06-26 00:00:00+00:00,2025-06-26 00:00:00+00:00,1,Tipo de Cambio y Reservas,8h,data/output_digests/headlines_8h_window_20250626T00_Tipo_de_Cambio_y_Reservas_01.md
inflation,inflacion,5,uid:33d21d8a16,Milagro argentino: Milei logra romper la barrera del 2 % con la inflación más baja en cinco años,El Debate,,33d21d8a16,2025-06-25 16:00:00+00:00,2025-06-26 00:00:00+00:00,3,Inflación y Precios,4h,data/output_digests/headlines_4h_window_20250625T16_Inflación_y_Precios_01.md
inflation,inflacion,5,uid:1b378a93f6,"Otro hito de Argentina: crece un 5,8% y la inflación cae por debajo del 2%",Libre Mercado,,1b378a93f6,2025-06-25 16:00:00+00:00,2025-06-25 16:00:00+00:00,1,Inflación y Precios,8h,data/output_digests/headlines_8h_window_20250625T16_Inflación_y_Precios_01.md
reserves,bcra | tipo de cambio,7,uid:342f59f2dd,El BCRA intervino en el mercado de futuros con más de US$ 1.500 millones para disciplinar el tipo de cambio,Perfil,,342f59f2dd,2025-06-25 04:00:00+00:00,2025-06-25 16:00:00+00:00,2,Tipo de Cambio y Reservas,4h,data/output_digests/headlines_4h_window_20250625T04_Tipo_de_Cambio_y_Reservas_02.md
rates,banco central | tasa de interes,7,uid:bc2f2a2a6d,Banco Central de Paraguay mantiene su tasa de interés de referencia en 6%,bloomberglinea.com,,bc2f2a2a6d,2025-06-25 04:00:00+00:00,2025-06-25 04:00:00+00:00,1,Deuda y Financiamiento,4h,data/output_digests/headlines_4h_window_20250625T04_Deuda_y_Financiamiento_01.md
reserves,bcra | dolar | reservas,7,uid:54f46763c7,El dólar oficial anotó su tercera suba al hilo y las reservas del BCRA superaron los u$s41.000 millones,Ambito,,54f46763c7,2025-06-25 00:00:00+00:00,2025-06-25 00:00:00+00:00,2,Tipo de Cambio y Reservas,4h,data/output_digests/headlines_4h_window_20250625T00_Tipo_de_Cambio_y_Reservas_01.md
reserves,banco central | dolar | reservas,7,uid:1cc682a99a,El dólar blue subió en el cierre de este 24 de junio y aumentaron las reservas del Banco Central,Perfil,,1cc682a99a,2025-06-25 00:00:00+00:00,2025-06-25 04:00:00+00:00,2,Tipo de Cambio y Reservas,4h,data/output_digests/headlines_4h_window_20250625T00_Tipo_de_Cambio_y_Reservas_02.md
fx,dolar,5,uid:196729f620,Dólar hoy en vivo: subió a $1.195 en el Banco Nación y el blue avanzó a $1.215,Infobae,,196729f620,2025-06-24 20:00:00+00:00,2025-06-25 00:00:00+00:00,2,Tipo de Cambio y Reservas,4h,data/output_digests/headlines_4h_window_20250624T20_Tipo_de_Cambio_y_Reservas_01.md
reserves,bcra | dolar,7,uid:0fef716bb2,¿El Gobierno intervino el dólar?: el BCRA vendió con fuerza en mayo y marcó un récord,iProfesional,,0fef716bb2,2025-06-24 20:00:00+00:00,2025-06-24 20:00:00+00:00,1,Tipo de Cambio y Reservas,4h,data/output_digests/headlines_4h_window_20250624T20_Tipo_de_Cambio_y_Reservas_01.md
reserves,banco central | dolar,7,uid:644ffec70e,Dólar futuro: la noticia que confirmó el Banco Central,TN,,644ffec70e,2025-06-24 20:00:00+00:00,2025-06-25 00:00:00+00:00,3,Tipo de Cambio y Reservas,4h,data/output_digests/headlines_4h_window_20250624T20_Tipo_de_Cambio_y_Reservas_02.md
fx,dolar,5,uid:6b2ae01d68,Dólar Blue y Oficial en Argentina para este 24 de junio: cifras actualizadas,Cadena 3 Argentina,,6b2ae01d68,2025-06-24 16:00:00+00:00,2025-06-24 16:00:00+00:00,2,Tipo de Cambio y Reservas,4h,data/output_digests/headlines_4h_window_20250624T16_Tipo_de_Cambio_y_Reservas_01.md
fx,dolar,5,uid:14035eff2d,Mercado de divisas: precio del dólar este 24 de junio en Argentina,Cadena 3 Argentina,,14035eff2d,2025-06-24 16:00:00+00:00,2025-06-24 20:00:00+00:00,2,Tipo de Cambio y Reservas,4h,data/output_digests/headlines_4h_window_20250624T16_Tipo_de_Cambio_y_Reservas_02.md
inflation,inflacion,5,uid:b6acb1de39,"Con menor inflación, la ganadería argentina ajusta su dinámica de precios",Diario El Día de La Plata,,b6acb1de39,2025-06-24 12:00:00+00:00,2025-06-24 12:00:00+00:00,1,Inflación y Precios,3day,data/output_digests/headlines_3day_window_20250624T12_Inflación_y_Precios_02.md
inflation,inflacion,5,uid:fec8cd7899,"Cómo golpea la guerra del Golfo en la inflación, los negocios y el bolsillo en Argentina",El Diario Paraná,,fec8cd7899,2025-06-24 00:00:00+00:00,2025-06-24 12:00:00+00:00,4,Inflación y Precios,4h,data/output_digests/headlines_4h_window_20250624T00_Inflación_y_Precios_01.md
inflation,inflacion,5,uid:108a1c6242,El vino en Argentina: cuánto subió su precio frente a la inflación,Dolarhoy.com,,108a1c6242,2025-06-23 20:00:00+00:00,2025-06-24 12:00:00+00:00,5,Inflación y Precios,4h,data/output_digests/headlines_4h_window_20250623T20_Inflación_y_Precios_01.md
fx,dolar,5,uid:fd1580227c,Dólar hoy en vivo: en el Banco Nación subió a $1.185 y el blue se vendió a $1.210,Infobae,,fd1580227c,2025-06-23 20:00:00+00:00,2025-06-24 12:00:00+00:00,3,Tipo de Cambio y Reservas,4h,data/output_digests/headlines_4h_window_20250623T20_Tipo_de_Cambio_y_Reservas_01.md
fx,dolar,5,uid:953a4e42fc,Dólar blue y oficial: cotizaciones del 23 de junio de 2025 en Argentina,Cadena 3 Argentina,,953a4e42fc,2025-06-23 20:00:00+00:00,2025-06-23 20:00:00+00:00,1,Tipo de Cambio y Reservas,4h,data/output_digests/headlines_4h_window_20250623T20_Tipo_de_Cambio_y_Reservas_02.md
fx,dolar,5,uid:35886bdc35,"Gasto y endeudamiento sin límite: la ""fiesta"" que mata al dólar y de la que Argentina no forma parte",El Cronista,,35886bdc35,2025-06-23 16:00:00+00:00,2025-06-24 00:00:00+00:00,3,Tipo de Cambio y Reservas,4h,data/output_digests/headlines_4h_window_20250623T16_Tipo_de_Cambio_y_Reservas_01.md
inflation,dolar | inflacion,7,uid:a0e59c8995,"Plan Milei, dólar, DEX, e inflación: qué esperar para el Agro en la 2da mitad del año; con R. Castiñeira - Econométrica",Agrositio,,a0e59c8995,2025-06-22 20:00:00+00:00,2025-06-22 20:00:00+00:00,1,Tipo de Cambio y Reservas,4h,data/output_digests/headlines_4h_window_20250622T20_Tipo_de_Cambio_y_Reservas_01.md
reserves,bcra | dolar | inflacion,9,uid:10d6ae4775,"Inflación que empieza con 1, medidas del BCRA y el dólar",DataClave,,10d6ae4775,2025-06-22 00:00:00+00:00,2025-06-22 00:00:00+00:00,1,Tipo de Cambio y Reservas,8h,data/output_digests/headlines_8h_window_20250622T00_Tipo_de_Cambio_y_Reservas_01.md
rates,banco central | tasa de interes,7,uid:57e317f717,Banco Central de Brasil sube la tasa de interés 25 puntos básicos por séptima vez consecutiva,La Nación,,57e317f717,2025-06-19 04:00:00+00:00,2025-06-19 08:00:00+00:00,2,Deuda y Financiamiento,4h,data/output_digests/headlines_4h_window_20250619T04_Deuda_y_Financiamiento_02.md
rates,banco central | tasa de interes,7,uid:e9c48d0003,Banco Central de Chile mantiene tasa de interés básica en 5%,MercoPress,,e9c48d0003,2025-06-18 12:00:00+00:00,2025-06-18 16:00:00+00:00,3,Deuda y Financiamiento,4h,data/output_digests/headlines_4h_window_20250618T12_Deuda_y_Financiamiento_01.md
inflation,inflacion | salarios,7,uid:02cac51e19,"El ministro de Economía provincial celebró con cifras el triunfo de los salarios sobre la inflación y un anuncio ""inédito"" para jubilados. Además, marcó una gran diferencia con la gestión Milei.",Reconquista Hoy,,02cac51e19,2025-06-17 20:00:00+00:00,2025-06-18 00:00:00+00:00,3,Actividad y Empleo,4h,data/output_digests/headlines_4h_window_20250617T20_Actividad_y_Empleo_02.md
inflation,dolar | inflacion | salarios,6,uid:b4d762bd99,"Salarios: con inflación y dólar bajo control, hay empresas que prevén un ajuste promedio del 32% en 2025",Ambito,,b4d762bd99,2025-06-17 04:00:00+00:00,2025-06-21 12:00:00+00:00,5,Inflación y Precios,4h,data/output_digests/headlines_4h_window_20250617T04_Inflación_y_Precios_01.md
rates,bcra | tasa de politica monetaria,7,uid:2c2821f9e2,Fin de la tasa de política monetaria: cómo es el esquema de agregados que busca consolidar el BCRA,Ambito,,2c2821f9e2,2025-06-15 12:00:00+00:00,2025-06-15 12:00:00+00:00,1,Deuda y Financiamiento,3day,data/output_digests/headlines_3day_window_20250615T12_Deuda_y_Financiamiento_02.md
inflation,dolar | inflacion | salario,6,uid:0223894995,"Las tres planchas: salario, empleo y dólar, la otra fórmula para bajar la inflación",elDiarioAR.com,,0223894995,2025-06-15 08:00:00+00:00,2025-06-17 12:00:00+00:00,5,Tipo de Cambio y Reservas,4h,data/output_digests/headlines_4h_window_20250615T08_Tipo_de_Cambio_y_Reservas_01.md
inflation,dolar | inflacion | salarios,6,uid:d8ce5775e6,"La inflación bajó al 1,5% en mayo: dólar anclado, salarios frenados y consumo en retroceso",InfoPlatense,,d8ce5775e6,2025-06-15 00:00:00+00:00,2025-06-16 12:00:00+00:00,3,Actividad y Empleo,8h,data/output_digests/headlines_8h_window_20250615T00_Actividad_y_Empleo_01.md
rates,inflacion | plazo fijo,7,uid:7366fa14bc,Caputo tiene un plan para el plazo fijo: qué va a pasar con la tasa si la inflación sigue en baja,BAE Negocios,,7366fa14bc,2025-06-13 20:00:00+00:00,2025-06-13 20:00:00+00:00,1,Deuda y Financiamiento,4h,data/output_digests/headlines_4h_window_20250613T20_Deuda_y_Financiamiento_01.md
