indice_tiempo,116.3_TCRMA_0_M_36
1997-01-01,85.38366489864862
1997-02-01,84.04174750816527
1997-03-01,83.80170156110832
1997-04-01,84.0586826543346
1997-05-01,84.52628755586154
1997-06-01,84.29103272165234
1997-07-01,83.38503596216027
1997-08-01,82.44364845318655
1997-09-01,83.02111588942215
1997-10-01,83.47333588879003
1997-11-01,83.67029878216184
1997-12-01,82.90654626087002
1998-01-01,81.94455001253604
1998-02-01,81.85960944359333
1998-03-01,81.3077788775296
1998-04-01,81.74843965078522
1998-05-01,82.24047784822127
1998-06-01,81.76816490071377
1998-07-01,81.3366246875338
1998-08-01,80.93723967589627
1998-09-01,81.94624052555993
1998-10-01,83.0850302399694
1998-11-01,82.69051625098619
1998-12-01,82.81550453487247
1999-01-01,78.25550466793842
1999-02-01,70.30676581047602
1999-03-01,70.86733210709703
1999-04-01,73.69276884769353
1999-05-01,74.45373227119399
1999-06-01,73.18616306102258
1999-07-01,72.33608341331548
1999-08-01,72.31777198670804
1999-09-01,72.55216842713783
1999-10-01,72.47347942191176
1999-11-01,72.30459997050183
1999-12-01,72.80366360167304
2000-01-01,73.55344931550927
2000-02-01,73.33287268208568
2000-03-01,73.68412009993806
2000-04-01,73.63499974541578
2000-05-01,72.68590212893501
2000-06-01,73.77100579344857
2000-07-01,73.57939998992276
2000-08-01,73.24604218562366
2000-09-01,72.4061375374548
2000-10-01,71.71639023791434
2000-11-01,70.96597410563464
2000-12-01,72.06876455272341
2001-01-01,73.36917942798442
2001-02-01,72.75062649440113
2001-03-01,72.28919360852173
2001-04-01,70.04053256253162
2001-05-01,69.38151213668019
2001-06-01,68.09658449186118
2001-07-01,67.91457903624178
2001-08-01,68.52201260153878
2001-09-01,67.50046221027432
2001-10-01,66.45850169339631
2001-11-01,68.10015906809515
2001-12-01,69.21320254505919
2002-01-01,109.99825080751174
2002-02-01,134.3128200670432
2002-03-01,163.99912280245914
2002-04-01,182.8022188036262
2002-05-01,191.19498607465647
2002-06-01,198.84868574319867
2002-07-01,187.74231526084813
2002-08-01,179.1338365907855
2002-09-01,174.03119380604304
2002-10-01,167.43030292563623
2002-11-01,165.94214736088352
2002-12-01,165.31993223363332
2003-01-01,158.16523249195936
2003-02-01,151.88978490388718
2003-03-01,149.2548135224901
2003-04-01,145.64274460781058
2003-05-01,148.78971603779308
2003-06-01,149.13524844798928
2003-07-01,147.42016511485244
2003-08-01,151.2234074390864
2003-09-01,153.28210600829783
2003-10-01,152.7421222547647
2003-11-01,153.65815586564085
2003-12-01,159.82720880313192
2004-01-01,159.60284738331177
2004-02-01,160.33460457452367
2004-03-01,157.19702806619557
2004-04-01,152.1854631406955
2004-05-01,152.54144042990887
2004-06-01,154.3482919296342
2004-07-01,155.77464092854285
2004-08-01,159.4049116301634
2004-09-01,160.29208546981218
2004-10-01,160.41649621964527
2004-11-01,162.89251816820297
2004-12-01,166.92882346533932
2005-01-01,164.01406528722904
2005-02-01,162.79024909068374
2005-03-01,159.96582727947958
2005-04-01,159.6903974133597
2005-05-01,161.1519701799993
2005-06-01,159.05684742993202
2005-07-01,157.88172079127756
2005-08-01,160.0270786394036
2005-09-01,162.33141247195337
2005-10-01,164.5071058404589
2005-11-01,163.579974278657
2005-12-01,163.5214165188537
2006-01-01,164.93609877719072
2006-02-01,167.81845574641557
2006-03-01,167.68493051474306
2006-04-01,167.25943636187134
2006-05-01,166.47005492714612
2006-06-01,164.32949211740882
2006-07-01,165.70861372345584
2006-08-01,166.25181793880662
2006-09-01,165.89999110969424
2006-10-01,164.771118344616
2006-11-01,163.15132189672815
2006-12-01,162.7475086152625
2007-01-01,162.30224209682197
2007-02-01,163.7537038294579
2007-03-01,163.72111782407003
2007-04-01,163.7623406947476
2007-05-01,162.06739952384697
2007-06-01,159.99890310797758
2007-07-01,160.71034383857682
2007-08-01,156.5626310280913
2007-09-01,155.41269399862912
2007-10-01,158.29431563213407
2007-11-01,159.23307245755672
2007-12-01,159.1101801141989
2008-01-01,159.27340420776062
2008-02-01,159.44734015322967
2008-03-01,159.14295097367912
2008-04-01,156.14403497190108
2008-05-01,153.6565148730458
2008-06-01,148.50959524331455
2008-07-01,146.9897328437139
2008-08-01,143.61354033181348
2008-09-01,137.3532236800913
2008-10-01,128.22641161402126
2008-11-01,127.53745205892336
2008-12-01,129.13233580137458
2009-01-01,131.1838530545797
2009-02-01,131.35500936623166
2009-03-01,135.84940317462838
2009-04-01,137.7460081015192
2009-05-01,142.54750068237897
2009-06-01,147.68972909573984
2009-07-01,149.16630711430244
2009-08-01,151.6934559556332
2009-09-01,151.14923280633005
2009-10-01,151.55156036893976
2009-11-01,150.45908549061943
2009-12-01,146.27906686610976
2010-01-01,141.43127423592085
2010-02-01,135.747241117961
2010-03-01,133.74127768683007
2010-04-01,132.61786781597624
2010-05-01,128.2050296233272
2010-06-01,126.60627747499036
2010-07-01,127.96275138767186
2010-08-01,127.7242665091054
2010-09-01,128.7056969824711
2010-10-01,129.49340864146714
2010-11-01,126.01228875825714
2010-12-01,124.50316957888204
2011-01-01,124.61287436342766
2011-02-01,126.45368647994792
2011-03-01,126.52727769508638
2011-04-01,128.2284041231017
2011-05-01,125.8459767931324
2011-06-01,125.29492273661184
2011-07-01,125.57308500163256
2011-08-01,123.52060133047068
2011-09-01,116.65557747668144
2011-10-01,114.09466059821912
2011-11-01,113.08228879978388
2011-12-01,110.41459248656372
2012-01-01,111.10280371543446
2012-02-01,113.8107071647216
2012-03-01,109.801586321241
2012-04-01,106.90182383076193
2012-05-01,102.62518330711806
2012-06-01,100.26682728549837
2012-07-01,100.09535171119374
2012-08-01,100.46264517601796
2012-09-01,101.52839203898375
2012-10-01,101.80860950436634
2012-11-01,100.65027122348556
2012-12-01,101.37999425046311
2013-01-01,102.51903725984624
2013-02-01,103.48037641404343
2013-03-01,102.67538236426569
2013-04-01,102.19310801075112
2013-05-01,101.31354578316244
2013-06-01,99.06137456208508
2013-07-01,97.28322889151558
2013-08-01,96.86066867705456
2013-09-01,98.92359790749788
2013-10-01,100.52661867948
2013-11-01,98.56686491900903
2013-12-01,101.02939709105688
2014-01-01,108.1811214293368
2014-02-01,114.79852774296708
2014-03-01,112.1581574611235
2014-04-01,111.61090168901065
2014-05-01,109.79693886319284
2014-06-01,108.45302496158074
2014-07-01,107.0853821508229
2014-08-01,105.69477818846087
2014-09-01,102.48409365650213
2014-10-01,98.96845256617004
2014-11-01,95.9983624290858
2014-12-01,93.0411173012722
2015-01-01,91.27074383173463
2015-02-01,88.68122894005755
2015-03-01,84.55035611186412
2015-04-01,84.9042584596426
2015-05-01,84.84281977887582
2015-06-01,84.01860375605538
2015-07-01,82.33926246248659
2015-08-01,79.25537915478465
2015-09-01,76.19734652426344
2015-10-01,76.09302118445729
2015-11-01,75.43439533902283
2015-12-01,85.10477049531175
2016-01-01,96.00213026665888
2016-02-01,102.46340690520722
2016-03-01,103.03024119681776
2016-04-01,97.42026494107328
2016-05-01,91.45739041829414
2016-06-01,89.33309145876673
2016-07-01,92.87274639134368
2016-08-01,92.82664013467362
2016-09-01,93.32111332449404
2016-10-01,92.194345230639
2016-11-01,89.21752658482434
2016-12-01,90.14417286056938
2017-01-01,90.88310833109853
2017-02-01,89.01321351408299
2017-03-01,86.83092293686005
2017-04-01,83.96481444838444
2017-05-01,84.44986303918523
2017-06-01,85.29732261639779
2017-07-01,91.30317203794284
2017-08-01,92.71486140951224
2017-09-01,90.89855592774092
2017-10-01,89.36639362763712
2017-11-01,87.68938182516473
2017-12-01,87.11088552913573
2018-01-01,93.55053865598636
2018-02-01,96.16828708610684
2018-03-01,95.59514391940776
2018-04-01,92.15099066266431
2018-05-01,101.41660306704748
2018-06-01,109.33700471175786
2018-07-01,109.45764602440892
2018-08-01,113.26875226424316
2018-09-01,136.74181990279214
2018-10-01,126.96237491905744
2018-11-01,118.89146763299674
2018-12-01,119.22027305722528
2019-01-01,116.64606561371968
2019-02-01,116.6601491375196
2019-03-01,119.76328317564308
2019-04-01,120.1434681938902
2019-05-01,119.43558615627576
2019-06-01,114.78789829913148
2019-07-01,109.8224166088552
2019-08-01,127.77665862208951
2019-09-01,130.70723844267704
2019-10-01,129.78726674521587
2019-11-01,127.03946489548572
2019-12-01,123.66806992408384
2020-01-01,120.93727817801664
2020-02-01,119.07725758798917
2020-03-01,114.90148381454726
2020-04-01,112.10406655975048
2020-05-01,112.37914931925468
2020-06-01,117.0584681240013
2020-07-01,118.55065853583837
2020-08-01,119.7593953726328
2020-09-01,120.46377225310457
2020-10-01,119.17317305276268
2020-11-01,120.42818054601597
2020-12-01,123.78872903840734
2021-01-01,123.54847201836388
2021-02-01,123.17687562865184
2021-03-01,119.97886178335229
2021-04-01,117.5453002158145
2021-05-01,117.87859929326012
2021-06-01,117.31425780871524
2021-07-01,114.08393231509834
2021-08-01,112.28415164722584
2021-09-01,110.49825119877616
2021-10-01,106.16654980671548
2021-11-01,104.36663150859044
2021-12-01,102.26886322650964
2022-01-01,101.98667299212951
2022-02-01,102.69184163270717
2022-03-01,101.3062471973853
2022-04-01,99.81558963146016
2022-05-01,96.43944341230365
2022-06-01,95.60731519798492
2022-07-01,91.696043190719
2022-08-01,91.4911049166073
2022-09-01,89.26422166421666
2022-10-01,88.35327082164328
2022-11-01,90.097103776563
2022-12-01,93.21101721987628
2023-01-01,95.14063774954568
2023-02-01,94.76917731040544
2023-03-01,93.58891957423567
2023-04-01,93.81139795932678
2023-05-01,93.05109254015332
2023-06-01,93.9620368290703
2023-07-01,95.84523343591636
2023-08-01,104.82581406789554
2023-09-01,100.66491108547751
2023-10-01,89.62223466261251
2023-11-01,83.19024889092823
2023-12-01,124.8715827662506
2024-01-01,132.78329804941433
2024-02-01,115.75579006002025
2024-03-01,105.87373691154625
2024-04-01,97.0263216151782
2024-05-01,93.43047026156258
2024-06-01,89.89842994707736
2024-07-01,87.87889515509198
2024-08-01,87.15901302377064
2024-09-01,86.04323009221208
2024-10-01,84.03863352814257
2024-11-01,81.7457900205989
2024-12-01,79.7730421256683
